classifier,features,scheduler,cv_auc_mean,cv_auc_sd,macro3_auc,n_samples,n_test,n_test_runs_with_auc,n_train,per_run_auc_median,pooled_test_auc,pos_rate
hgb,dest,DQN-ES,0.5446953480229959,0.006626341947758417,0.5317150178449346,150000,50000,10,100000,0.5431041861146851,0.5260945216325508,0.20036666666666667
logreg,dest,DQN-ES,0.536890908799007,0.01598861225244676,,150000,50000,10,100000,0.5400040632758956,0.5340755593528326,0.20036666666666667
hgb,dest+timing,DQN-ES,0.5667704580572048,0.008245209347647681,0.555508278062641,150000,50000,10,100000,0.5732623853063625,0.5645478183549639,0.20036666666666667
logreg,dest+timing,DQN-ES,0.541118466252418,0.017651372834019397,,150000,50000,10,100000,0.54760533099013,0.5397492045102109,0.20036666666666667
hgb,dest+timing+size,DQN-ES,0.5721895597365825,0.008606616321693742,0.5565560187131161,150000,50000,10,100000,0.5790804624999484,0.5732462655966695,0.20036666666666667
logreg,dest+timing+size,DQN-ES,0.5535746300020812,0.01868812510579932,,150000,50000,10,100000,0.564117374588831,0.5612230114991887,0.20036666666666667
hgb,dest,ES-only,0.5646646108695467,0.0017382086283175592,0.5506948665652637,150000,50000,10,100000,0.5672842062659516,0.5691117502862868,0.20036666666666667
logreg,dest,ES-only,0.5631239336169706,0.003900671929140852,,150000,50000,10,100000,0.5673424322518796,0.5678615837826446,0.20036666666666667
hgb,dest+timing,ES-only,0.6004218390178805,0.00540882898991099,0.5840514092327381,150000,50000,10,100000,0.5994104040237029,0.6024439566136242,0.20036666666666667
logreg,dest+timing,ES-only,0.5789218771036995,0.005229323682689233,,150000,50000,10,100000,0.5781520673126882,0.5797043118976047,0.20036666666666667
hgb,dest+timing+size,ES-only,0.6035091587433135,0.0054156921654217914,0.5896597668783591,150000,50000,10,100000,0.6059377015434866,0.606353672125998,0.20036666666666667
logreg,dest+timing+size,ES-only,0.598830249167772,0.004970454633434668,,150000,50000,10,100000,0.6007099189110122,0.6017790802338804,0.20036666666666667
hgb,dest,q-mixed[q=0.1],0.5628034489769214,0.0035812520403220574,0.5454016886518137,150000,50000,10,100000,0.5620260653593802,0.5651068829126508,0.20036666666666667
logreg,dest,q-mixed[q=0.1],0.5612631670487633,0.0038784447650974246,,150000,50000,10,100000,0.562062738307729,0.5657137501689887,0.20036666666666667
hgb,dest+timing,q-mixed[q=0.1],0.5941013962283167,0.00737284591414475,0.5749922253260277,150000,50000,10,100000,0.5935121016656137,0.5965004189927474,0.20036666666666667
logreg,dest+timing,q-mixed[q=0.1],0.5766752581729557,0.0054302090221769305,,150000,50000,10,100000,0.5789224845235267,0.5804153532759965,0.20036666666666667
hgb,dest+timing+size,q-mixed[q=0.1],0.5995585531334723,0.008043739530527384,0.5811058822729013,150000,50000,10,100000,0.6006710656291387,0.6011498741530681,0.20036666666666667
logreg,dest+timing+size,q-mixed[q=0.1],0.5910081677053479,0.006350028248454968,,150000,50000,10,100000,0.5939579206231849,0.5951165811285268,0.20036666666666667
hgb,dest,q-mixed[q=0.25],0.5571110397252774,0.003676014502908209,0.5388000094445833,150000,50000,10,100000,0.5598028227228868,0.5577049113107166,0.20036666666666667
logreg,dest,q-mixed[q=0.25],0.5544366442676237,0.0035403836914052107,,150000,50000,10,100000,0.5568522696102237,0.5557931798617075,0.20036666666666667
hgb,dest+timing,q-mixed[q=0.25],0.5828156332905093,0.003582671872268169,0.5627587643906263,150000,50000,10,100000,0.5858573953947149,0.5854008525483506,0.20036666666666667
logreg,dest+timing,q-mixed[q=0.25],0.559017897528324,0.004494231899753941,,150000,50000,10,100000,0.5593301082847018,0.5598196330657347,0.20036666666666667
hgb,dest+timing+size,q-mixed[q=0.25],0.5888062487505777,0.005711924307398557,0.5670083231720383,150000,50000,10,100000,0.5920837095794995,0.5918564249033782,0.20036666666666667
logreg,dest+timing+size,q-mixed[q=0.25],0.5748576990843289,0.004454583124966657,,150000,50000,10,100000,0.5773963622151992,0.5752481326740783,0.20036666666666667
hgb,dest,q-mixed[q=0.5],0.5411256972613329,0.003064588686491497,0.5245999400315964,150000,50000,10,100000,0.53974575996143,0.5412085679295098,0.20036666666666667
logreg,dest,q-mixed[q=0.5],0.5413984781495031,0.00458093654110237,,150000,50000,10,100000,0.5414369532983805,0.5400179277205204,0.20036666666666667
hgb,dest+timing,q-mixed[q=0.5],0.562105588765132,0.004756652349107794,0.5419667890004691,150000,50000,10,100000,0.5640049726958136,0.5628397606224353,0.20036666666666667
logreg,dest+timing,q-mixed[q=0.5],0.5420369483410091,0.004305274711149625,,150000,50000,10,100000,0.5425158001692834,0.540830880511022,0.20036666666666667
hgb,dest+timing+size,q-mixed[q=0.5],0.5689121917594753,0.005397642500366647,0.5465689376742605,150000,50000,10,100000,0.5683954567312914,0.5693245431835894,0.20036666666666667
logreg,dest+timing+size,q-mixed[q=0.5],0.5522104097140001,0.004234996211772076,,150000,50000,10,100000,0.5523166808596588,0.5508336539149727,0.20036666666666667
hgb,dest,q-mixed[q=0.75],0.5321387803533186,0.0037090849226914737,0.5213937881831585,150000,50000,10,100000,0.5269147758014312,0.5308094885206922,0.20036666666666667
logreg,dest,q-mixed[q=0.75],0.5325171606148376,0.0042657514554563574,,150000,50000,10,100000,0.5317916846592614,0.534344309899561,0.20036666666666667
hgb,dest+timing,q-mixed[q=0.75],0.5533607800769683,0.005196725074426036,0.5336611256684225,150000,50000,10,100000,0.5504936720130069,0.5525931339365238,0.20036666666666667
logreg,dest+timing,q-mixed[q=0.75],0.5327865107154495,0.003839374201992487,,150000,50000,10,100000,0.5315679605733463,0.5349213208162357,0.20036666666666667
hgb,dest+timing+size,q-mixed[q=0.75],0.5569994981017877,0.005487851647978579,0.5356447029828828,150000,50000,10,100000,0.5552310169851931,0.5568390476389287,0.20036666666666667
logreg,dest+timing+size,q-mixed[q=0.75],0.5379599205404985,0.004434699028304887,,150000,50000,10,100000,0.537554316768103,0.5392976453899864,0.20036666666666667
hgb,dest,q-mixed[q=0],0.5646646108695467,0.0017382086283175592,0.5506948665652637,150000,50000,10,100000,0.5672842062659516,0.5691117502862868,0.20036666666666667
logreg,dest,q-mixed[q=0],0.5631239336169706,0.003900671929140852,,150000,50000,10,100000,0.5673424322518796,0.5678615837826446,0.20036666666666667
hgb,dest+timing,q-mixed[q=0],0.6004218390178805,0.00540882898991099,0.5840514092327381,150000,50000,10,100000,0.5994104040237029,0.6024439566136242,0.20036666666666667
logreg,dest+timing,q-mixed[q=0],0.5789218771036995,0.005229323682689233,,150000,50000,10,100000,0.5781520673126882,0.5797043118976047,0.20036666666666667
hgb,dest+timing+size,q-mixed[q=0],0.6035091587433135,0.0054156921654217914,0.5896597668783591,150000,50000,10,100000,0.6059377015434866,0.606353672125998,0.20036666666666667
logreg,dest+timing+size,q-mixed[q=0],0.598830249167772,0.004970454633434668,,150000,50000,10,100000,0.6007099189110122,0.6017790802338804,0.20036666666666667
hgb,dest,q-mixed[q=1],0.5213827728672873,0.005951167590546439,0.5058059489915554,150000,50000,10,100000,0.5131247308506535,0.5158651355289945,0.20036666666666667
logreg,dest,q-mixed[q=1],0.5223525560783953,0.004895761468777244,,150000,50000,10,100000,0.5159442494862734,0.5163520729454942,0.20036666666666667
hgb,dest+timing,q-mixed[q=1],0.5340512177562555,0.005400954431756352,0.5182281106558565,150000,50000,10,100000,0.5308304304676458,0.5333152328963483,0.20036666666666667
logreg,dest+timing,q-mixed[q=1],0.5226540165488175,0.005053189873479408,,150000,50000,10,100000,0.5182311588998945,0.5169641627004008,0.20036666666666667
hgb,dest+timing+size,q-mixed[q=1],0.5388645600172606,0.005172759932475376,0.5192059398462313,150000,50000,10,100000,0.537500325456783,0.5390291321730764,0.20036666666666667
logreg,dest+timing+size,q-mixed[q=1],0.5243621333510349,0.005088289489332871,,150000,50000,10,100000,0.5163749958216676,0.5174228479279989,0.20036666666666667
