scheduler,features,classifier,n_test_runs,auc_mean_per_run,ci_lo,ci_hi,pooled_test_auc,cv_auc_mean,cv_auc_sd,macro3_auc
ACO,dest,hgb,10,0.5196619487484512,0.5177936459080377,0.5215694216440001,0.5196323346260203,0.5202641763818395,0.0011466247451544383,0.5188138361148527
ACO,dest,logreg,10,0.5022475270579206,0.5011043063981077,0.5033232381760322,0.5022280966572958,0.501996194990566,0.0005082903412647814,
ACO,dest+timing,hgb,10,0.5434218889281812,0.5340868477725405,0.550715227141596,0.5429918154022344,0.5490407032729546,0.0041662038096661,0.5417414686959604
ACO,dest+timing,logreg,10,0.5070469840184918,0.5057643888569006,0.508089632567278,0.5069306337717223,0.5063326379294057,0.0003686491399966739,
ACO,dest+timing+size,hgb,10,0.5434218889281812,0.5341662624132208,0.550681434193545,0.5429918154022344,0.5490407032729546,0.0041662038096661,0.5417414686959604
ACO,dest+timing+size,logreg,10,0.5070469790684496,0.5057826469637827,0.5080987282698098,0.5069306332767181,0.5063326368293962,0.00036864978409685995,
Cloud-Only,dest,hgb,10,0.5199298598821256,0.5199298598821256,0.5199298598821256,0.5199298598821256,0.5199298598821256,0.0,0.5180699299611077
Cloud-Only,dest,logreg,10,0.5014216521181627,0.5014216521181627,0.5014216521181627,0.5014216521181627,0.5014216521181627,0.0,
Cloud-Only,dest+timing,hgb,10,0.5131177405156202,0.5068952517363758,0.5197587092032373,0.5130797024113833,0.5162972540927939,0.002897498415871797,0.5176747997295317
Cloud-Only,dest+timing,logreg,10,0.5003881229083597,0.4941242309861949,0.5061694256881847,0.5004718117867236,0.500722376707539,0.0020115344096411527,
Cloud-Only,dest+timing+size,hgb,10,0.5131177405156202,0.5069468361260812,0.5196786026704092,0.5130797024113833,0.5162972540927939,0.002897498415871797,0.5176747997295317
Cloud-Only,dest+timing+size,logreg,10,0.5003881179583175,0.49397560324679207,0.5061316168946525,0.5004718068366816,0.5007223767075392,0.002011544735827137,
DQN-ES,dest,hgb,10,0.5366253324943342,0.4518215899109824,0.6163467572372586,0.54832536954045,0.59567561591395,0.06645298196574212,0.527403243005739
DQN-ES,dest,logreg,10,0.5275473362634944,0.4395614434629941,0.6097117782244476,0.524887508806125,0.6034558051322829,0.06769492806718394,
DQN-ES,dest+timing,hgb,10,0.540745193212027,0.46070963309891255,0.6171642703182402,0.5516324739202076,0.5904785154638659,0.07049007994258717,0.5351657129809962
DQN-ES,dest+timing,logreg,10,0.5241630666659802,0.42948633647278217,0.6118897428344179,0.5241613014809338,0.5983545787494292,0.07790710221606124,
DQN-ES,dest+timing+size,hgb,10,0.540745193212027,0.4606614240192283,0.6169161795247642,0.5516324739202076,0.5904785154638659,0.07049007994258717,0.5351657129809962
DQN-ES,dest+timing+size,logreg,10,0.5241630666659802,0.4287867996036799,0.6116280555125451,0.5241613014809338,0.5983545787494292,0.07790710221606124,
DQN-ES[K=1],dest,hgb,10,0.5883526398179019,0.45665924845093386,0.6957049873605623,0.5837265427400503,0.6302907079479946,0.0624182931187454,0.6157093832868465
DQN-ES[K=1],dest,logreg,10,0.575707682782288,0.4433371856624206,0.6866630088742377,0.5694495558030137,0.625183893242506,0.07040004187255262,
DQN-ES[K=1],dest+timing,hgb,10,0.587871253164562,0.4560393233579424,0.6940573039407087,0.5839599030742137,0.6311343461141663,0.06097696003144624,0.6166227362142673
DQN-ES[K=1],dest+timing,logreg,10,0.5745525260857324,0.440857477122885,0.6854953705225384,0.569238091980496,0.624608874341045,0.07059758500408528,
DQN-ES[K=1],dest+timing+size,hgb,10,0.587871253164562,0.4554754159124453,0.6950524890099163,0.5839599030742137,0.6311343461141663,0.06097696003144624,0.6166227362142673
DQN-ES[K=1],dest+timing+size,logreg,10,0.5745525260857324,0.43976126651878583,0.6843453808037758,0.569238091980496,0.624608874341045,0.07059758500408528,
DQN-ES[K=2],dest,hgb,10,0.5994488425019335,0.5363069660755788,0.6496881394217003,0.6148668542600657,0.6084495597740476,0.021160474359374258,0.6317624141050163
DQN-ES[K=2],dest,logreg,10,0.5693130351243114,0.46684278017535824,0.6503796098257941,0.5582253153275878,0.5811615806963139,0.03750372691428909,
DQN-ES[K=2],dest+timing,hgb,10,0.6325560067574016,0.6075339126153211,0.6539710353478553,0.642911881625879,0.6264586187582664,0.02770824123932805,0.6480084949332499
DQN-ES[K=2],dest+timing,logreg,10,0.5665850767711943,0.4632215969796426,0.6469370818204354,0.5567989482942353,0.579284963050025,0.038199951675735394,
DQN-ES[K=2],dest+timing+size,hgb,10,0.6325560067574016,0.6078140842610043,0.6539437806630364,0.642911881625879,0.6264586187582664,0.02770824123932805,0.6480084949332499
DQN-ES[K=2],dest+timing+size,logreg,10,0.5665850767711943,0.4625051382675485,0.6476057733678622,0.5567989482942353,0.579284961400011,0.038199953847188425,
DQN-ES[K=3],dest,hgb,10,0.5366253324943342,0.4530042824547536,0.6156632951351777,0.54832536954045,0.59567561591395,0.06645298196574212,0.527403243005739
DQN-ES[K=3],dest,logreg,10,0.5275473362634944,0.43994011896832413,0.6104386593741326,0.524887508806125,0.6034558051322829,0.06769492806718394,
DQN-ES[K=3],dest+timing,hgb,10,0.540745193212027,0.4618881323381901,0.6164414765421461,0.5516324739202076,0.5904785154638659,0.07049007994258717,0.5351657129809962
DQN-ES[K=3],dest+timing,logreg,10,0.5241630666659802,0.43007241812729213,0.612207294104975,0.5241613014809338,0.5983545787494292,0.07790710221606124,
DQN-ES[K=3],dest+timing+size,hgb,10,0.540745193212027,0.45976377916020356,0.6162430460569746,0.5516324739202076,0.5904785154638659,0.07049007994258717,0.5351657129809962
DQN-ES[K=3],dest+timing+size,logreg,10,0.5241630666659802,0.4279214437461366,0.6137377634956959,0.5241613014809338,0.5983545787494292,0.07790710221606124,
DQN-ES[K=4],dest,hgb,10,0.6568911467901353,0.5998038316841114,0.7131940545736213,0.6690298531104678,0.7145431109404777,0.02502640656153274,0.609145763462435
DQN-ES[K=4],dest,logreg,10,0.6301645473226014,0.5788217444265495,0.6798199498877529,0.6388589400336049,0.6980186741111781,0.020395130157216855,
DQN-ES[K=4],dest+timing,hgb,10,0.6734776788737348,0.617046316752804,0.7291341693096591,0.6859642038688738,0.7323191447633901,0.02600777789842746,0.6245396755153351
DQN-ES[K=4],dest+timing,logreg,10,0.6553275571620973,0.6031220407410253,0.7080639038567165,0.6683941053313539,0.7199469433027448,0.029661712407022384,
DQN-ES[K=4],dest+timing+size,hgb,10,0.6734776788737348,0.6173161971370146,0.7311014575250739,0.6859642038688738,0.7323191447633901,0.02600777789842746,0.6245396755153351
DQN-ES[K=4],dest+timing+size,logreg,10,0.6553275571620973,0.6025302448815575,0.7091764543025963,0.6683941053313539,0.7199469433027448,0.029661712407022384,
DQN-ES[K=5],dest,hgb,10,0.8207887169530231,0.8131905647938742,0.8275847777638957,0.8200934963969633,0.8239740831300846,0.005200636226048674,0.8361943915069947
DQN-ES[K=5],dest,logreg,10,0.8132938630168883,0.8060263682312627,0.8195487966001923,0.8125762459949208,0.8156507623570984,0.004413428675032949,
DQN-ES[K=5],dest+timing,hgb,10,0.8364285138666521,0.8302472942079357,0.8424379124870162,0.8364907829224337,0.8390874953068099,0.004492664796665658,0.8597215654359429
DQN-ES[K=5],dest+timing,logreg,10,0.8238769641272421,0.8190427661617887,0.8290452828869913,0.823764248696456,0.8269967909206459,0.004865034940372176,
DQN-ES[K=5],dest+timing+size,hgb,10,0.8364285138666521,0.8300687529923005,0.8424293888856109,0.8364907829224337,0.8390874953068099,0.004492664796665658,0.8597215654359429
DQN-ES[K=5],dest+timing+size,logreg,10,0.8238769641272421,0.8190419047306959,0.8289260079077914,0.823764248696456,0.8269967909206459,0.004865034940372176,
DQN-only,dest,hgb,10,0.5883526398179019,0.4584019698346409,0.6958343072128846,0.5837265427400503,0.6302907079479946,0.0624182931187454,0.6157093832868465
DQN-only,dest,logreg,10,0.575707682782288,0.44503310674845187,0.687535033799878,0.5694495558030137,0.625183893242506,0.07040004187255262,
DQN-only,dest+timing,hgb,10,0.587871253164562,0.4603881720375285,0.6942023164167952,0.5839599030742137,0.6311343461141663,0.06097696003144624,0.6166227362142673
DQN-only,dest+timing,logreg,10,0.5745525260857324,0.4429860671657366,0.6848371136640569,0.569238091980496,0.624608874341045,0.07059758500408528,
DQN-only,dest+timing+size,hgb,10,0.587871253164562,0.4597223601771482,0.6951137361294868,0.5839599030742137,0.6311343461141663,0.06097696003144624,0.6166227362142673
DQN-only,dest+timing+size,logreg,10,0.5745525260857324,0.43855700614617044,0.6852368949117922,0.569238091980496,0.624608874341045,0.07059758500408528,
ES-only,dest,hgb,10,0.8207887169530231,0.8133740384790541,0.8275109553096331,0.8200934963969633,0.8239740831300846,0.005200636226048674,0.8361943915069947
ES-only,dest,logreg,10,0.8132938630168883,0.8060511990041702,0.8195873198085641,0.8125762459949208,0.8156507623570984,0.004413428675032949,
ES-only,dest+timing,hgb,10,0.8364285138666521,0.8301325898501958,0.84244704481986,0.8364907829224337,0.8390874953068099,0.004492664796665658,0.8597215654359429
ES-only,dest+timing,logreg,10,0.8238769641272421,0.8188815844966263,0.828820513969811,0.823764248696456,0.8269967909206459,0.004865034940372176,
ES-only,dest+timing+size,hgb,10,0.8364285138666521,0.830181179959378,0.8423383991900146,0.8364907829224337,0.8390874953068099,0.004492664796665658,0.8597215654359429
ES-only,dest+timing+size,logreg,10,0.8238769641272421,0.8191401303979714,0.8289350755188337,0.823764248696456,0.8269967909206459,0.004865034940372176,
ES-only[lP=0.5],dest,hgb,10,0.8128016753714811,0.8077759976463539,0.8173208084725714,0.812137635131202,0.8139454604461049,0.003111443357916418,0.8355884695426962
ES-only[lP=0.5],dest,logreg,10,0.8050115464684222,0.7994166195835153,0.810038067928241,0.8042379563493399,0.8058530643665207,0.0036901786974243424,
ES-only[lP=0.5],dest+timing,hgb,10,0.8315219181928308,0.8283592697806655,0.8343935766420973,0.831502341270957,0.8333370774902485,0.002640359916150189,0.8612421890242947
ES-only[lP=0.5],dest+timing,logreg,10,0.8217441047967494,0.8191950571799175,0.8242423960421836,0.8217140748707744,0.8226874494628191,0.0027958783084668353,
ES-only[lP=0.5],dest+timing+size,hgb,10,0.8315219181928308,0.8283976519128349,0.8344191454662959,0.831502341270957,0.8333370774902485,0.002640359916150189,0.8612421890242947
ES-only[lP=0.5],dest+timing+size,logreg,10,0.8217441047967494,0.8191849396649257,0.8242749084143192,0.8217140748707744,0.8226874494628191,0.0027958783084668353,
ES-only[lP=1.5],dest,hgb,10,0.8253714660163762,0.8155964981520503,0.8339648294799564,0.8259570268026964,0.8303635090435512,0.0040948546707246765,0.8343932505569912
ES-only[lP=1.5],dest,logreg,10,0.8159147420572612,0.8080206157377287,0.82241043641156,0.815415906505187,0.8158699744256619,0.00814563013293618,
ES-only[lP=1.5],dest+timing,hgb,10,0.8387614638027175,0.8302133375372391,0.8467333912966776,0.839110370496798,0.8433035584445321,0.004121830941416289,0.8552921797150281
ES-only[lP=1.5],dest+timing,logreg,10,0.8231519264970215,0.8169978772486557,0.829622215749767,0.8229143219966808,0.825414049854361,0.005762413376488887,
ES-only[lP=1.5],dest+timing+size,hgb,10,0.8387614638027175,0.8304068233015117,0.8469416390767815,0.839110370496798,0.8433035584445321,0.004121830941416289,0.8552921797150281
ES-only[lP=1.5],dest+timing+size,logreg,10,0.8231519264970215,0.8170903671782899,0.8295569196194328,0.8229143219966808,0.825414049854361,0.005762413376488887,
ES-only[lP=10],dest,hgb,10,0.7332598186066938,0.6561786421717459,0.7932708907373227,0.7333520354177498,0.7680762087816035,0.0536786909402194,0.6718526205106077
ES-only[lP=10],dest,logreg,10,0.5006633848546924,0.3972460221213426,0.6069236227794605,0.5352772414682063,0.6220035708834383,0.009972653295313513,
ES-only[lP=10],dest+timing,hgb,10,0.8106106431451222,0.7930676743038557,0.8304057443160647,0.7992174537695759,0.8151408252353944,0.029421286893510874,0.7211313731297838
ES-only[lP=10],dest+timing,logreg,10,0.7424230941644546,0.7162844880577262,0.7689677948027328,0.7384181734265103,0.7469754546437752,0.01597029205689784,
ES-only[lP=10],dest+timing+size,hgb,10,0.8106106431451222,0.793258582704909,0.8299846714518394,0.7992174537695759,0.8151408252353944,0.029421286893510874,0.7211313731297838
ES-only[lP=10],dest+timing+size,logreg,10,0.7424230941644546,0.716326968453579,0.7692541770188548,0.7384181734265103,0.7469754546437752,0.01597029205689784,
ES-only[lP=1],dest,hgb,10,0.8207887169530231,0.8132676056418205,0.8274199221774167,0.8200934963969633,0.8239740831300846,0.005200636226048674,0.8361943915069947
ES-only[lP=1],dest,logreg,10,0.8132938630168883,0.8059643270011735,0.8194835550440732,0.8125762459949208,0.8156507623570984,0.004413428675032949,
ES-only[lP=1],dest+timing,hgb,10,0.8364285138666521,0.8301327730017569,0.8423939170069986,0.8364907829224337,0.8390874953068099,0.004492664796665658,0.8597215654359429
ES-only[lP=1],dest+timing,logreg,10,0.8238769641272421,0.8190085645877545,0.8289042466560486,0.823764248696456,0.8269967909206459,0.004865034940372176,
ES-only[lP=1],dest+timing+size,hgb,10,0.8364285138666521,0.8300875919866343,0.8423834460589943,0.8364907829224337,0.8390874953068099,0.004492664796665658,0.8597215654359429
ES-only[lP=1],dest+timing+size,logreg,10,0.8238769641272421,0.8190303642023246,0.8289358374540784,0.823764248696456,0.8269967909206459,0.004865034940372176,
ES-only[lP=2],dest,hgb,10,0.8243159338690204,0.8134471001118313,0.834281181602792,0.8260801155419049,0.8236194621072949,0.005258024865215404,0.8256514692849755
ES-only[lP=2],dest,logreg,10,0.8103585919466377,0.7950620977843215,0.8221106699001003,0.8099512485194424,0.8025236453615531,0.020698456866383916,
ES-only[lP=2],dest+timing,hgb,10,0.8374503114764552,0.8292159717269431,0.8457019897387607,0.8386064195711205,0.8384852057978941,0.00602367970539879,0.8466667486773088
ES-only[lP=2],dest+timing,logreg,10,0.8166975763801411,0.8097700702925792,0.8239963433048303,0.8165250565195817,0.8136340354165178,0.014562122476453053,
ES-only[lP=2],dest+timing+size,hgb,10,0.8374503114764552,0.8291777013419764,0.8452861131813288,0.8386064195711205,0.8384852057978941,0.00602367970539879,0.8466667486773088
ES-only[lP=2],dest+timing+size,logreg,10,0.8166975763801411,0.8099605392536366,0.824109287303815,0.8165250565195817,0.8136340354165178,0.014562122476453053,
ES-only[lP=3],dest,hgb,10,0.8161662190508512,0.7957707006557023,0.8308420869466991,0.8191245484076507,0.8102016745090737,0.012634542169360696,0.8045655202184898
ES-only[lP=3],dest,logreg,10,0.7950784155984145,0.7594839524087104,0.8163834615526262,0.7951121293457905,0.7676040492819161,0.03599105665739135,
ES-only[lP=3],dest+timing,hgb,10,0.8283118257300025,0.8068669131160674,0.8430595059917292,0.8283448336013616,0.8253836411951575,0.012115203010430075,0.8258579527828259
ES-only[lP=3],dest+timing,logreg,10,0.8008030106948631,0.7794574563178577,0.8146509091643498,0.8018633339880588,0.7888914285355367,0.023374988902932842,
ES-only[lP=3],dest+timing+size,hgb,10,0.8283118257300025,0.8074093957889397,0.8427840887378224,0.8283448336013616,0.8253836411951575,0.012115203010430075,0.8258579527828259
ES-only[lP=3],dest+timing+size,logreg,10,0.8008030106948631,0.7795508716578801,0.815037118386397,0.8018633339880588,0.7888914290855416,0.023374987420784175,
ES-only[lP=5],dest,hgb,10,0.8043216343376111,0.7851665686723314,0.8218705542433545,0.8086890620105646,0.7802732186239155,0.016439429429658203,0.7601919704195989
ES-only[lP=5],dest,logreg,10,0.73900816400559,0.6765378902464764,0.7938583817925963,0.7413579708153433,0.7044830469634924,0.04008481432829403,
ES-only[lP=5],dest+timing,hgb,10,0.8169018844216627,0.7958326717189437,0.835579773815742,0.8182683049590314,0.8068305046482216,0.005809003612107555,0.7882200142258059
ES-only[lP=5],dest+timing,logreg,10,0.7643747443303207,0.734934706839691,0.7901214489139805,0.7714309646325423,0.7527753041316924,0.02318120619237612,
ES-only[lP=5],dest+timing+size,hgb,10,0.8169018844216627,0.7961412394054247,0.835079483693769,0.8182683049590314,0.8068305046482216,0.005809003612107555,0.7882200142258059
ES-only[lP=5],dest+timing+size,logreg,10,0.7643747443303207,0.7352750236018013,0.7901051461975162,0.7714309646325423,0.7527753041316924,0.02318120619237612,
HS-HHO,dest,hgb,10,0.8207887169530231,0.8133404280638088,0.8274211953282689,0.8200934963969633,0.8239740831300846,0.005200636226048674,0.8361943915069947
HS-HHO,dest,logreg,10,0.8132938630168883,0.8058776454510499,0.8194916878396471,0.8125762459949208,0.8156507623570984,0.004413428675032949,
HS-HHO,dest+timing,hgb,10,0.8364285138666521,0.8300659417395874,0.8423984439443362,0.8364907829224337,0.8390874953068099,0.004492664796665658,0.8597215654359429
HS-HHO,dest+timing,logreg,10,0.8238769641272421,0.8192345731192513,0.82894407321053,0.823764248696456,0.8269967909206459,0.004865034940372176,
HS-HHO,dest+timing+size,hgb,10,0.8364285138666521,0.8301838922112472,0.8423692712419181,0.8364907829224337,0.8390874953068099,0.004492664796665658,0.8597215654359429
HS-HHO,dest+timing+size,logreg,10,0.8238769641272421,0.819097935124549,0.8289371422852009,0.823764248696456,0.8269967909206459,0.004865034940372176,
Local-Only,dest,hgb,10,0.5199298598821256,0.5199298598821256,0.5199298598821256,0.5199298598821256,0.5199298598821256,0.0,0.5180699299611077
Local-Only,dest,logreg,10,0.5014216521181627,0.5014216521181627,0.5014216521181627,0.5014216521181627,0.5014216521181627,0.0,
Local-Only,dest+timing,hgb,10,0.5291669257188749,0.5253384644563212,0.532440190867687,0.5291886474940313,0.5334464739727441,0.0018170173319004487,0.5278033597078274
Local-Only,dest+timing,logreg,10,0.5060988727367912,0.5051728232981458,0.5069914571676808,0.5061737530150706,0.505882783319845,0.0003883024355521608,
Local-Only,dest+timing+size,hgb,10,0.5291669257188749,0.525419434771512,0.5324821799718522,0.5291886474940313,0.5334464739727441,0.0018170173319004487,0.5278033597078274
Local-Only,dest+timing+size,logreg,10,0.5060988727367912,0.5051532078896941,0.5070093900567908,0.5061737530150706,0.505882783319845,0.0003883024355521608,
PSO,dest,hgb,10,0.8160529224851112,0.8088175905986423,0.8225188309505149,0.8155273834354164,0.8204077278804724,0.003713913414534893,0.8306244653331891
PSO,dest,logreg,10,0.8090387473462822,0.8020437079568166,0.8153055993936791,0.8081946369460853,0.8115546739420407,0.003987272213023034,
PSO,dest+timing,hgb,10,0.832407663892927,0.826275423416709,0.8385148281978956,0.8324333110515434,0.835228651689027,0.0042291609632375314,0.8537393548090101
PSO,dest+timing,logreg,10,0.8206389732266077,0.8156947155280051,0.8263828562862169,0.8205545660971213,0.823589958480806,0.0047511671502766094,
PSO,dest+timing+size,hgb,10,0.832407663892927,0.826291700021701,0.83838756100432,0.8324333110515434,0.835228651689027,0.0042291609632375314,0.8537393548090101
PSO,dest+timing+size,logreg,10,0.8206389732266077,0.8157641622687193,0.8264889063614378,0.8205545660971213,0.823589958480806,0.0047511671502766094,
PSO+DQN,dest,hgb,10,0.5366253324943342,0.4517562439089732,0.6154399597502169,0.54832536954045,0.59567561591395,0.06645298196574212,0.527403243005739
PSO+DQN,dest,logreg,10,0.5275473362634944,0.44021735053644606,0.6084767959099583,0.524887508806125,0.6034558051322829,0.06769492806718394,
PSO+DQN,dest+timing,hgb,10,0.540745193212027,0.4601338154806432,0.6179520154542297,0.5516324739202076,0.5904785154638659,0.07049007994258717,0.5351657129809962
PSO+DQN,dest+timing,logreg,10,0.5241630666659802,0.4307524770753646,0.613944452012509,0.5241613014809338,0.5983545787494292,0.07790710221606124,
PSO+DQN,dest+timing+size,hgb,10,0.540745193212027,0.46109922220977007,0.6180281701208721,0.5516324739202076,0.5904785154638659,0.07049007994258717,0.5351657129809962
PSO+DQN,dest+timing+size,logreg,10,0.5241630666659802,0.4303102544133587,0.6138420751160983,0.5241613014809338,0.5983545787494292,0.07790710221606124,
Random-K[K=3],dest,hgb,10,0.6053520648210005,0.5954385460181663,0.6176018680320732,0.6060199581741235,0.607269072611575,0.004421378682603245,0.5877894308031999
Random-K[K=3],dest,logreg,10,0.5962981950958149,0.5857232978141407,0.609570530379201,0.5956871965376633,0.5950257243242743,0.007385619091309203,
Random-K[K=3],dest+timing,hgb,10,0.6129997859601756,0.6010797955216771,0.6292691689641463,0.6141129123434648,0.6157353418030536,0.0061133982931781536,0.5973502805254319
Random-K[K=3],dest+timing,logreg,10,0.6023008093120985,0.5890894011280552,0.6193241675217038,0.60241468206275,0.6021725944191949,0.007319907575804281,
Random-K[K=3],dest+timing+size,hgb,10,0.6129997859601756,0.6010452162594235,0.6290943917605955,0.6141129123434648,0.6157353418030536,0.0061133982931781536,0.5973502805254319
Random-K[K=3],dest+timing+size,logreg,10,0.6023008093120985,0.5891056685754689,0.619266012198488,0.60241468206275,0.6021725944191949,0.007319907575804281,
Static-Tier,dest,hgb,10,0.5199298598821256,0.5199298598821256,0.5199298598821256,0.5199298598821256,0.5199298598821256,0.0,0.5180699299611077
Static-Tier,dest,logreg,10,0.5014216521181627,0.5014216521181627,0.5014216521181627,0.5014216521181627,0.5014216521181627,0.0,
Static-Tier,dest+timing,hgb,10,0.5498402472882679,0.5450087878099074,0.5546040104845853,0.5498963674016357,0.5508888334264161,0.0021511771605406075,0.5445240606869314
Static-Tier,dest+timing,logreg,10,0.5060991449891119,0.5051684708497955,0.5069645092617269,0.5061118007619897,0.5058477603963096,0.0003472519180754721,
Static-Tier,dest+timing+size,hgb,10,0.5498402472882679,0.5449100375619101,0.5547355214730851,0.5498963674016357,0.5508888334264161,0.0021511771605406075,0.5445240606869314
Static-Tier,dest+timing+size,logreg,10,0.5060991449891119,0.5051854662009139,0.5069964289900608,0.5061118007619897,0.5058477603963096,0.0003472519180754721,
q-mixed[q=0.1],dest,hgb,10,0.8036734461124546,0.7984268832732531,0.8086340536766734,0.8027917218266369,0.8044190596930647,0.002483222038274486,0.8116082673313025
q-mixed[q=0.1],dest,logreg,10,0.7952033942637327,0.790688177388524,0.7991415959817142,0.7939442109454541,0.7967813101388875,0.002750353122032284,
q-mixed[q=0.1],dest+timing,hgb,10,0.8182726748562803,0.8139743601674461,0.8224908773197384,0.8181681566953676,0.8193916338192867,0.0025958283312275433,0.8332664148195549
q-mixed[q=0.1],dest+timing,logreg,10,0.8086789980797796,0.8057782589988798,0.8115738801470045,0.8085370774000478,0.8103501793499287,0.0024334313619262544,
q-mixed[q=0.1],dest+timing+size,hgb,10,0.8182726748562803,0.814098819697089,0.822469009147084,0.8181681566953676,0.8193916338192867,0.0025958283312275433,0.8332664148195549
q-mixed[q=0.1],dest+timing+size,logreg,10,0.8086789980797796,0.8057735203234874,0.8115556554529071,0.8085370774000478,0.8103501793499287,0.0024334313619262544,
q-mixed[q=0.25],dest,hgb,10,0.7788117304911908,0.7747257363534266,0.7827101479775515,0.7783134077634877,0.777717996943206,0.0038331807579745102,0.7771902640267346
q-mixed[q=0.25],dest,logreg,10,0.7679106485703684,0.7647576244014904,0.7711650536871675,0.7667435984074328,0.7671129247955708,0.0040555458418208,
q-mixed[q=0.25],dest+timing,hgb,10,0.7913994551389556,0.7874355754483451,0.7954353002754996,0.791114301028302,0.7904515457089757,0.004285894154430533,0.7966923954391314
q-mixed[q=0.25],dest+timing,logreg,10,0.7794706603079085,0.7749938281636413,0.7843192325771384,0.7794083422467093,0.7799572717307841,0.005143896190633912,
q-mixed[q=0.25],dest+timing+size,hgb,10,0.7913994551389556,0.7873401568262469,0.7954683348770865,0.791114301028302,0.7904515457089757,0.004285894154430533,0.7966923954391314
q-mixed[q=0.25],dest+timing+size,logreg,10,0.7794706603079085,0.7750308725469076,0.7843121934933873,0.7794083422467093,0.7799572717307841,0.005143896190633912,
q-mixed[q=0.5],dest,hgb,10,0.7247153379235404,0.7201112760822673,0.7307650100871961,0.7242693351618129,0.724870392770228,0.003087246780539677,0.710712817982183
q-mixed[q=0.5],dest,logreg,10,0.7128897415721571,0.7080689121856576,0.7186877387405349,0.7121100995314884,0.7137673774531255,0.0054931600836670876,
q-mixed[q=0.5],dest+timing,hgb,10,0.7364813258668217,0.7315249507124298,0.7423804491796988,0.7364959428464168,0.736193005159176,0.004859574621976289,0.7288091680431171
q-mixed[q=0.5],dest+timing,logreg,10,0.7225177716414855,0.7150518005827983,0.7313302377089462,0.722661426320998,0.7239393715092028,0.006751409554724162,
q-mixed[q=0.5],dest+timing+size,hgb,10,0.7364813258668217,0.7316451869898238,0.7423108222574489,0.7364959428464168,0.736193005159176,0.004859574621976289,0.7288091680431171
q-mixed[q=0.5],dest+timing+size,logreg,10,0.7225177716414855,0.7151127795338328,0.73155015484227,0.722661426320998,0.7239393715092028,0.006751409554724162,
q-mixed[q=0.75],dest,hgb,10,0.6699645992782443,0.6628317246026205,0.6796256439014886,0.6700289300265996,0.6692780485010854,0.005837510484425109,0.650060363937202
q-mixed[q=0.75],dest,logreg,10,0.6562833608093676,0.6472686152276762,0.6680197128500321,0.6567371796877197,0.6563685975109251,0.008071627592126996,
q-mixed[q=0.75],dest+timing,hgb,10,0.677332687583829,0.6678607983041946,0.6910027676675916,0.6784171967831854,0.6769891634556293,0.009538150306583747,0.6648612265349472
q-mixed[q=0.75],dest+timing,logreg,10,0.6632832600265084,0.6518077547905519,0.6781031355398774,0.6638639583863812,0.6632396952551624,0.010115479097449772,
q-mixed[q=0.75],dest+timing+size,hgb,10,0.677332687583829,0.6678583273668826,0.691272889737612,0.6784171967831854,0.6769891634556293,0.009538150306583747,0.6648612265349472
q-mixed[q=0.75],dest+timing+size,logreg,10,0.6632832600265084,0.6517910543381972,0.6776700832022892,0.6638639583863812,0.6632396952551624,0.010115479097449772,
q-mixed[q=0],dest,hgb,10,0.8207887169530231,0.8132494078017021,0.8274201922022184,0.8200934963969633,0.8239740831300846,0.005200636226048674,0.8361943915069947
q-mixed[q=0],dest,logreg,10,0.8132938630168883,0.8060067024561317,0.8194476704556932,0.8125762459949208,0.8156507623570984,0.004413428675032949,
q-mixed[q=0],dest+timing,hgb,10,0.8364285138666521,0.8302617295209824,0.8424035553579058,0.8364907829224337,0.8390874953068099,0.004492664796665658,0.8597215654359429
q-mixed[q=0],dest+timing,logreg,10,0.8238769641272421,0.8190541112872446,0.8291354104089883,0.823764248696456,0.8269967909206459,0.004865034940372176,
q-mixed[q=0],dest+timing+size,hgb,10,0.8364285138666521,0.8301043377318748,0.8424611146960417,0.8364907829224337,0.8390874953068099,0.004492664796665658,0.8597215654359429
q-mixed[q=0],dest+timing+size,logreg,10,0.8238769641272421,0.8189873659083069,0.8289250519308927,0.823764248696456,0.8269967909206459,0.004865034940372176,
q-mixed[q=1],dest,hgb,10,0.6053520648210005,0.5952967797797508,0.6174363125096278,0.6060199581741235,0.607269072611575,0.004421378682603245,0.5877894308031999
q-mixed[q=1],dest,logreg,10,0.5962981950958149,0.585727919173533,0.6098230102513393,0.5956871965376633,0.5950257243242743,0.007385619091309203,
q-mixed[q=1],dest+timing,hgb,10,0.6129997859601756,0.6009584828576079,0.6288332479533556,0.6141129123434648,0.6157353418030536,0.0061133982931781536,0.5973502805254319
q-mixed[q=1],dest+timing,logreg,10,0.6023008093120985,0.5892030966671961,0.619025438167835,0.60241468206275,0.6021725944191949,0.007319907575804281,
q-mixed[q=1],dest+timing+size,hgb,10,0.6129997859601756,0.6007798129408756,0.6295183721558544,0.6141129123434648,0.6157353418030536,0.0061133982931781536,0.5973502805254319
q-mixed[q=1],dest+timing+size,logreg,10,0.6023008093120985,0.589052889616831,0.6189236657953272,0.60241468206275,0.6021725944191949,0.007319907575804281,
