algorithm,avg_latency_ms_mean,avg_latency_ms_std,avg_energy_mj_mean,avg_energy_mj_std,avg_privacy_risk_mean,avg_privacy_risk_std,sla_violation_pct_mean,sla_violation_pct_std,n
DQN-ES[K=1],501.615583258355,260.3120298745577,301.03555270250376,145.87865138730004,0.3552840066174406,0.03730131523775951,7.156666666666667,2.1447118428564917,30
DQN-ES[K=2],147.40619370003168,42.57319645636407,106.48506437999465,37.865955090796724,0.29117273617433675,0.022762300080259132,2.526666666666667,0.7361763073853678,30
DQN-ES[K=3],89.29508650283643,11.905549077492365,52.2369645782874,10.859615668734191,0.3326229109270396,0.023039287031630502,1.11,0.5810048766289889,30
DQN-ES[K=4],76.19835675167015,5.451370279117083,39.21637615498557,4.629659645455102,0.366807633185954,0.030720232809336907,0.47333333333333333,0.5458530530788992,30
DQN-ES[K=5],74.24333037345374,5.469127719935116,36.753801836022504,4.749343608233086,0.3724683535760158,0.03395462876514292,0.48333333333333334,0.6245442782986291,30
Random-K[K=3],131.83871717857204,44.6238148411698,94.97767383387598,41.56440003038206,0.24379148627765898,0.023381860114245326,3.4599999999999995,0.5535341001239219,30
q-mixed[q=0],74.24333037345374,5.469127719935116,36.753801836022504,4.749343608233086,0.3724683535760158,0.03395462876514292,0.48333333333333334,0.6245442782986291,30
q-mixed[q=0.1],79.10723465940171,6.453105003942853,41.75580781698097,5.74522992117159,0.3542312691110016,0.02867908095209055,0.72,0.5735270990400831,30
q-mixed[q=0.25],88.56488691973918,11.900434171985225,51.445672779122496,11.230889102479706,0.32907063193276154,0.025450394305438495,1.1833333333333333,0.5000555524694787,30
q-mixed[q=0.5],103.34002972085476,23.21814198983818,66.22497137490895,21.893191165794626,0.29039492663047445,0.024028967824251176,1.9766666666666668,0.6432642449949235,30
q-mixed[q=0.75],118.64097751952859,35.45029929604825,81.61343511435985,33.00259027306628,0.2663876997506102,0.02208746276659909,2.73,0.5435377938408086,30
q-mixed[q=1],131.83871717857204,44.6238148411698,94.97767383387598,41.56440003038206,0.24379148627765898,0.023381860114245326,3.4599999999999995,0.5535341001239219,30
Static-Tier,142.8351642698794,4.622493204962651,45.43213902451828,1.3115522232285362,0.16942188943802117,0.007175186711209279,0.07666666666666667,0.08825468196582485,30
ES-only[lP=0.5],70.66775038774047,3.2801377025373943,33.29306397738457,2.3704009261992613,0.41076165958555877,0.025551850498717006,0.16999999999999998,0.2396525262402492,30
ES-only[lP=1],74.24333037345374,5.469127719935116,36.753801836022504,4.749343608233086,0.3724683535760158,0.03395462876514292,0.48333333333333334,0.6245442782986291,30
ES-only[lP=1.5],78.2354449698544,7.73106759088966,40.611656915861,7.064413479538926,0.3428337189810326,0.03844814446564444,0.7833333333333332,0.9366903911586201,30
ES-only[lP=2],83.91592860420879,14.011199896864841,45.97525640723525,13.099052449952428,0.3181674654190496,0.04660145023292162,1.1733333333333333,1.3623345975036953,30
ES-only[lP=3],94.20438912290666,19.34246484326276,55.73990213551503,18.085723671493994,0.281874106788097,0.0504373879589349,1.8799999999999997,1.9051509126575772,30
ES-only[lP=5],118.92565655547874,30.329521428227164,78.78657949691963,28.204967657760633,0.22521812143318545,0.04857447084909765,3.2366666666666664,2.643417400933034,30
ES-only[lP=10],196.4469362625881,77.49444118915063,139.41210221191233,61.81280497526366,0.14307625451190603,0.035614951992441586,5.74,3.2372416241815087,30
