condition,scale,frontier,y_metric,label,status,frontier_points,n_replicates,n_excluded,median_excess,ci_lo,ci_hi,arms_used,aliases,excluded_runs,exclusion_reasons
main N=1000 (declared),1000,q_mixed,avg_privacy_risk,"declared (D17a), reproduced",ok,6,29,1,0.002489139303932686,-0.012301902546984711,0.010433923676656909,q-mixed[q=0];q-mixed[q=0.1];q-mixed[q=0.25];q-mixed[q=0.5];q-mixed[q=0.75];q-mixed[q=1],,19,run 19: DQN-ES latency 89.95 ms above the slowest frontier point 87.42 ms
main N=1000 (declared),1000,q_mixed,avg_privacy_risk_ss,"declared (D17a), reproduced",ok,6,29,1,0.030050862144883617,0.017454176913180464,0.03842835837669217,q-mixed[q=0];q-mixed[q=0.1];q-mixed[q=0.25];q-mixed[q=0.5];q-mixed[q=0.75];q-mixed[q=1],,19,run 19: DQN-ES latency 89.95 ms above the slowest frontier point 87.42 ms
main N=1000 (declared),1000,q_mixed_3pt,avg_privacy_risk,exploratory,ok,3,29,1,-0.004775521452470011,-0.010827408667777594,0.0022530950888041135,q-mixed[q=0];q-mixed[q=0.5];q-mixed[q=1],,19,run 19: DQN-ES latency 89.95 ms above the slowest frontier point 87.42 ms
main N=1000 (declared),1000,q_mixed_3pt,avg_privacy_risk_ss,exploratory,ok,3,29,1,0.024295997735051422,0.01831304976614634,0.031235913181015207,q-mixed[q=0];q-mixed[q=0.5];q-mixed[q=1],,19,run 19: DQN-ES latency 89.95 ms above the slowest frontier point 87.42 ms
main N=1000 (declared),1000,lambda_p,avg_privacy_risk,"declared (D17a), reproduced",ok,7,27,3,0.03920743581535058,0.031443148237674357,0.051539527314715006,ES-only[lP=0.5];ES-only[lP=1];ES-only[lP=1.5];ES-only[lP=2];ES-only[lP=3];ES-only[lP=5];ES-only[lP=10],,3;19;26,run 3: DQN-ES latency 73.93 ms above the slowest frontier point 73.53 ms | run 19: DQN-ES latency 89.95 ms above the slowest frontier point 78.00 ms | run 26: DQN-ES latency 74.40 ms above the slowest frontier point 74.23 ms
main N=1000 (declared),1000,lambda_p,avg_privacy_risk_ss,"declared (D17a), reproduced",ok,7,27,3,0.036643919208418585,0.013761680551564792,0.059536851674436175,ES-only[lP=0.5];ES-only[lP=1];ES-only[lP=1.5];ES-only[lP=2];ES-only[lP=3];ES-only[lP=5];ES-only[lP=10],,3;19;26,run 3: DQN-ES latency 73.93 ms above the slowest frontier point 73.53 ms | run 19: DQN-ES latency 89.95 ms above the slowest frontier point 78.00 ms | run 26: DQN-ES latency 74.40 ms above the slowest frontier point 74.23 ms
main N=1000 (declared),,identity check,q-mixed[q=0] vs ES-only,,max |diff| = 0,,,,,,,,,,
main N=1000 (declared),,identity check,q-mixed[q=1] vs Random-K[K=3],,max |diff| = 0,,,,,,,,,,
N=5000,5000,q_mixed,avg_privacy_risk,exploratory,ok,6,30,0,0.03840020753717446,0.025211802828525226,0.045033233079672635,q-mixed[q=0];q-mixed[q=0.1];q-mixed[q=0.25];q-mixed[q=0.5];q-mixed[q=0.75];q-mixed[q=1],,,
N=5000,5000,q_mixed,avg_privacy_risk_ss,exploratory,ok,6,30,0,0.05039569235766814,0.033581719339743105,0.05685068555720235,q-mixed[q=0];q-mixed[q=0.1];q-mixed[q=0.25];q-mixed[q=0.5];q-mixed[q=0.75];q-mixed[q=1],,,
N=5000,5000,lambda_p,avg_privacy_risk,exploratory,not run: frontier arms absent,0,,,,,,,,,
N=5000,5000,lambda_p,avg_privacy_risk_ss,exploratory,not run: frontier arms absent,0,,,,,,,,,
N=5000,,identity check,q-mixed[q=0] vs ES-only,,max |diff| = 0,,,,,,,,,,
MIT-BIH trace,trace,q_mixed,avg_privacy_risk,exploratory,ok,6,8,22,0.04511275303356252,0.0021099579121920953,0.1104117805574612,q-mixed[q=0];q-mixed[q=0.1];q-mixed[q=0.25];q-mixed[q=0.5];q-mixed[q=0.75];q-mixed[q=1],,1;2;3;4;5;6;9;10;11;12;15;16;17;18;21;22;23;24;25;26;27;28,run 1: DQN-ES latency 381.33 ms below the fastest frontier point 437.52 ms | run 2: DQN-ES latency 311.44 ms below the fastest frontier point 427.55 ms | run 3: DQN-ES latency 429.72 ms above the slowest frontier point 425.90 ms | run 4: DQN-ES latency 340.45 ms below the fastest frontier point 385.57 ms | run 5: DQN-ES latency 361.91 ms below the fastest frontier point 362.33 ms | run 6: DQN-ES latency 298.73 ms below the fastest frontier point 426.99 ms | run 9: DQN-ES latency 298.96 ms below the fastest frontier point 414.51 ms | run 10: DQN-ES latency 375.50 ms below the fastest frontier point 421.19 ms | run 11: DQN-ES latency 348.55 ms below the fastest frontier point 434.39 ms | run 12: DQN-ES latency 350.62 ms below the fastest frontier point 377.50 ms | run 15: DQN-ES latency 292.29 ms below the fastest frontier point 432.72 ms | run 16: DQN-ES latency 313.55 ms below the fastest frontier point 430.60 ms | run 17: DQN-ES latency 359.89 ms below the fastest frontier point 390.45 ms | run 18: DQN-ES latency 342.44 ms below the fastest frontier point 361.63 ms | run 21: DQN-ES latency 389.01 ms below the fastest frontier point 428.60 ms | run 22: DQN-ES latency 328.71 ms below the fastest frontier point 432.50 ms | run 23: DQN-ES latency 356.03 ms below the fastest frontier point 428.88 ms | run 24: DQN-ES latency 356.35 ms below the fastest frontier point 443.17 ms | run 25: DQN-ES latency 333.15 ms below the fastest frontier point 418.88 ms | run 26: DQN-ES latency 336.76 ms below the fastest frontier point 396.03 ms | run 27: DQN-ES latency 348.79 ms below the fastest frontier point 360.56 ms | run 28: DQN-ES latency 350.86 ms below the fastest frontier point 422.40 ms
MIT-BIH trace,trace,q_mixed,avg_privacy_risk_ss,exploratory,ok,6,8,22,0.04914302540158416,0.007130372386953798,0.118258796917794,q-mixed[q=0];q-mixed[q=0.1];q-mixed[q=0.25];q-mixed[q=0.5];q-mixed[q=0.75];q-mixed[q=1],,1;2;3;4;5;6;9;10;11;12;15;16;17;18;21;22;23;24;25;26;27;28,run 1: DQN-ES latency 381.33 ms below the fastest frontier point 437.52 ms | run 2: DQN-ES latency 311.44 ms below the fastest frontier point 427.55 ms | run 3: DQN-ES latency 429.72 ms above the slowest frontier point 425.90 ms | run 4: DQN-ES latency 340.45 ms below the fastest frontier point 385.57 ms | run 5: DQN-ES latency 361.91 ms below the fastest frontier point 362.33 ms | run 6: DQN-ES latency 298.73 ms below the fastest frontier point 426.99 ms | run 9: DQN-ES latency 298.96 ms below the fastest frontier point 414.51 ms | run 10: DQN-ES latency 375.50 ms below the fastest frontier point 421.19 ms | run 11: DQN-ES latency 348.55 ms below the fastest frontier point 434.39 ms | run 12: DQN-ES latency 350.62 ms below the fastest frontier point 377.50 ms | run 15: DQN-ES latency 292.29 ms below the fastest frontier point 432.72 ms | run 16: DQN-ES latency 313.55 ms below the fastest frontier point 430.60 ms | run 17: DQN-ES latency 359.89 ms below the fastest frontier point 390.45 ms | run 18: DQN-ES latency 342.44 ms below the fastest frontier point 361.63 ms | run 21: DQN-ES latency 389.01 ms below the fastest frontier point 428.60 ms | run 22: DQN-ES latency 328.71 ms below the fastest frontier point 432.50 ms | run 23: DQN-ES latency 356.03 ms below the fastest frontier point 428.88 ms | run 24: DQN-ES latency 356.35 ms below the fastest frontier point 443.17 ms | run 25: DQN-ES latency 333.15 ms below the fastest frontier point 418.88 ms | run 26: DQN-ES latency 336.76 ms below the fastest frontier point 396.03 ms | run 27: DQN-ES latency 348.79 ms below the fastest frontier point 360.56 ms | run 28: DQN-ES latency 350.86 ms below the fastest frontier point 422.40 ms
MIT-BIH trace,trace,lambda_p,avg_privacy_risk,exploratory,ok,7,13,17,0.051883578971171906,0.023761444460467185,0.11729057093116096,ES-only[lP=0.5];ES-only[lP=1];ES-only[lP=1.5];ES-only[lP=2];ES-only[lP=3];ES-only[lP=5];ES-only[lP=10],,1;2;4;6;8;9;10;11;15;16;21;22;23;24;25;27;28,run 1: DQN-ES latency 381.33 ms below the fastest frontier point 422.86 ms | run 2: DQN-ES latency 311.44 ms below the fastest frontier point 387.20 ms | run 4: DQN-ES latency 340.45 ms below the fastest frontier point 406.79 ms | run 6: DQN-ES latency 298.73 ms below the fastest frontier point 375.85 ms | run 8: DQN-ES latency 412.11 ms below the fastest frontier point 412.68 ms | run 9: DQN-ES latency 298.96 ms below the fastest frontier point 366.74 ms | run 10: DQN-ES latency 375.50 ms below the fastest frontier point 378.25 ms | run 11: DQN-ES latency 348.55 ms below the fastest frontier point 425.81 ms | run 15: DQN-ES latency 292.29 ms below the fastest frontier point 399.44 ms | run 16: DQN-ES latency 313.55 ms below the fastest frontier point 402.60 ms | run 21: DQN-ES latency 389.01 ms below the fastest frontier point 410.42 ms | run 22: DQN-ES latency 328.71 ms below the fastest frontier point 405.89 ms | run 23: DQN-ES latency 356.03 ms below the fastest frontier point 409.81 ms | run 24: DQN-ES latency 356.35 ms below the fastest frontier point 428.41 ms | run 25: DQN-ES latency 333.15 ms below the fastest frontier point 388.28 ms | run 27: DQN-ES latency 348.79 ms below the fastest frontier point 398.64 ms | run 28: DQN-ES latency 350.86 ms below the fastest frontier point 375.70 ms
MIT-BIH trace,trace,lambda_p,avg_privacy_risk_ss,exploratory,ok,7,13,17,0.05236323469418003,0.025871921808613696,0.12134407515079793,ES-only[lP=0.5];ES-only[lP=1];ES-only[lP=1.5];ES-only[lP=2];ES-only[lP=3];ES-only[lP=5];ES-only[lP=10],,1;2;4;6;8;9;10;11;15;16;21;22;23;24;25;27;28,run 1: DQN-ES latency 381.33 ms below the fastest frontier point 422.86 ms | run 2: DQN-ES latency 311.44 ms below the fastest frontier point 387.20 ms | run 4: DQN-ES latency 340.45 ms below the fastest frontier point 406.79 ms | run 6: DQN-ES latency 298.73 ms below the fastest frontier point 375.85 ms | run 8: DQN-ES latency 412.11 ms below the fastest frontier point 412.68 ms | run 9: DQN-ES latency 298.96 ms below the fastest frontier point 366.74 ms | run 10: DQN-ES latency 375.50 ms below the fastest frontier point 378.25 ms | run 11: DQN-ES latency 348.55 ms below the fastest frontier point 425.81 ms | run 15: DQN-ES latency 292.29 ms below the fastest frontier point 399.44 ms | run 16: DQN-ES latency 313.55 ms below the fastest frontier point 402.60 ms | run 21: DQN-ES latency 389.01 ms below the fastest frontier point 410.42 ms | run 22: DQN-ES latency 328.71 ms below the fastest frontier point 405.89 ms | run 23: DQN-ES latency 356.03 ms below the fastest frontier point 409.81 ms | run 24: DQN-ES latency 356.35 ms below the fastest frontier point 428.41 ms | run 25: DQN-ES latency 333.15 ms below the fastest frontier point 388.28 ms | run 27: DQN-ES latency 348.79 ms below the fastest frontier point 398.64 ms | run 28: DQN-ES latency 350.86 ms below the fastest frontier point 375.70 ms
MIT-BIH trace,,identity check,q-mixed[q=0] vs ES-only,,max |diff| = 0,,,,,,,,,,
MIT-BIH trace,,identity check,q-mixed[q=1] vs Random-K[K=3],,max |diff| = 0,,,,,,,,,,
ECG payload 10 KB,1000,q_mixed,avg_privacy_risk,exploratory,not computable: only q-mixed[q=0] (= ES-only) present,1,,,,,,q-mixed[q=0],q-mixed[q=0]=ES-only,,
ECG payload 10 KB,1000,q_mixed,avg_privacy_risk_ss,exploratory,not computable: only q-mixed[q=0] (= ES-only) present,1,,,,,,q-mixed[q=0],q-mixed[q=0]=ES-only,,
ECG payload 10 KB,1000,lambda_p,avg_privacy_risk,exploratory,not run: frontier arms absent,0,,,,,,,,,
ECG payload 10 KB,1000,lambda_p,avg_privacy_risk_ss,exploratory,not run: frontier arms absent,0,,,,,,,,,
sensitivity/rho0.3,1000,q_mixed,avg_privacy_risk,exploratory,ok,3,29,1,0.0016691973477512834,-0.007148546406287204,0.006542754469322287,q-mixed[q=0];q-mixed[q=0.5];q-mixed[q=1],q-mixed[q=0]=ES-only;q-mixed[q=1]=Random-K[K=3],19,run 19: DQN-ES latency 90.92 ms above the slowest frontier point 88.82 ms
sensitivity/rho0.3,1000,q_mixed,avg_privacy_risk_ss,exploratory,ok,3,29,1,0.02629469483064867,0.021726952834141444,0.036499906350828226,q-mixed[q=0];q-mixed[q=0.5];q-mixed[q=1],q-mixed[q=0]=ES-only;q-mixed[q=1]=Random-K[K=3],19,run 19: DQN-ES latency 90.92 ms above the slowest frontier point 88.82 ms
sensitivity/rho0.3,1000,lambda_p,avg_privacy_risk,exploratory,not run: frontier arms absent,0,,,,,,,,,
sensitivity/rho0.3,1000,lambda_p,avg_privacy_risk_ss,exploratory,not run: frontier arms absent,0,,,,,,,,,
sensitivity/rho0.6,1000,q_mixed,avg_privacy_risk,exploratory,ok,3,28,2,0.003956324858335816,-0.005912257115279165,0.011515982736943847,q-mixed[q=0];q-mixed[q=0.5];q-mixed[q=1],q-mixed[q=0]=ES-only;q-mixed[q=1]=Random-K[K=3],19;28,run 19: DQN-ES latency 95.53 ms above the slowest frontier point 92.74 ms | run 28: DQN-ES latency 106.32 ms above the slowest frontier point 101.72 ms
sensitivity/rho0.6,1000,q_mixed,avg_privacy_risk_ss,exploratory,ok,3,28,2,0.031231165226700303,0.02428045478207655,0.044711903167768616,q-mixed[q=0];q-mixed[q=0.5];q-mixed[q=1],q-mixed[q=0]=ES-only;q-mixed[q=1]=Random-K[K=3],19;28,run 19: DQN-ES latency 95.53 ms above the slowest frontier point 92.74 ms | run 28: DQN-ES latency 106.32 ms above the slowest frontier point 101.72 ms
sensitivity/rho0.6,1000,lambda_p,avg_privacy_risk,exploratory,not run: frontier arms absent,0,,,,,,,,,
sensitivity/rho0.6,1000,lambda_p,avg_privacy_risk_ss,exploratory,not run: frontier arms absent,0,,,,,,,,,
sensitivity/rho0.85,1000,q_mixed,avg_privacy_risk,exploratory,ok,3,26,4,0.012118213696582225,-0.0011238141739969287,0.01930512737169965,q-mixed[q=0];q-mixed[q=0.5];q-mixed[q=1],q-mixed[q=0]=ES-only;q-mixed[q=1]=Random-K[K=3],7;19;25;28,run 7: DQN-ES latency 96.67 ms above the slowest frontier point 93.87 ms | run 19: DQN-ES latency 109.07 ms above the slowest frontier point 96.20 ms | run 25: DQN-ES latency 111.54 ms above the slowest frontier point 109.05 ms | run 28: DQN-ES latency 111.16 ms above the slowest frontier point 106.96 ms
sensitivity/rho0.85,1000,q_mixed,avg_privacy_risk_ss,exploratory,ok,3,26,4,0.0360663191386489,0.028838186457558257,0.05121403461510449,q-mixed[q=0];q-mixed[q=0.5];q-mixed[q=1],q-mixed[q=0]=ES-only;q-mixed[q=1]=Random-K[K=3],7;19;25;28,run 7: DQN-ES latency 96.67 ms above the slowest frontier point 93.87 ms | run 19: DQN-ES latency 109.07 ms above the slowest frontier point 96.20 ms | run 25: DQN-ES latency 111.54 ms above the slowest frontier point 109.05 ms | run 28: DQN-ES latency 111.16 ms above the slowest frontier point 106.96 ms
sensitivity/rho0.85,1000,lambda_p,avg_privacy_risk,exploratory,not run: frontier arms absent,0,,,,,,,,,
sensitivity/rho0.85,1000,lambda_p,avg_privacy_risk_ss,exploratory,not run: frontier arms absent,0,,,,,,,,,
sensitivity/mmpp2,1000,q_mixed,avg_privacy_risk,exploratory,ok,3,29,1,0.003908765712725859,-0.006622896655680666,0.009283851109141261,q-mixed[q=0];q-mixed[q=0.5];q-mixed[q=1],q-mixed[q=0]=ES-only;q-mixed[q=1]=Random-K[K=3],19,run 19: DQN-ES latency 92.50 ms above the slowest frontier point 88.68 ms
sensitivity/mmpp2,1000,q_mixed,avg_privacy_risk_ss,exploratory,ok,3,29,1,0.027920174139105802,0.017803629512324393,0.034272728741533975,q-mixed[q=0];q-mixed[q=0.5];q-mixed[q=1],q-mixed[q=0]=ES-only;q-mixed[q=1]=Random-K[K=3],19,run 19: DQN-ES latency 92.50 ms above the slowest frontier point 88.68 ms
sensitivity/mmpp2,1000,lambda_p,avg_privacy_risk,exploratory,not run: frontier arms absent,0,,,,,,,,,
sensitivity/mmpp2,1000,lambda_p,avg_privacy_risk_ss,exploratory,not run: frontier arms absent,0,,,,,,,,,
sensitivity/mmpp2_rho0.3,1000,q_mixed,avg_privacy_risk,exploratory,ok,3,29,1,0.008074811158699124,-0.01036584454138556,0.02449690750106953,q-mixed[q=0];q-mixed[q=0.5];q-mixed[q=1],q-mixed[q=0]=ES-only;q-mixed[q=1]=Random-K[K=3],19,run 19: DQN-ES latency 96.03 ms above the slowest frontier point 91.22 ms
sensitivity/mmpp2_rho0.3,1000,q_mixed,avg_privacy_risk_ss,exploratory,ok,3,29,1,0.033615357624140196,0.014825954743325126,0.04754621028872216,q-mixed[q=0];q-mixed[q=0.5];q-mixed[q=1],q-mixed[q=0]=ES-only;q-mixed[q=1]=Random-K[K=3],19,run 19: DQN-ES latency 96.03 ms above the slowest frontier point 91.22 ms
sensitivity/mmpp2_rho0.3,1000,lambda_p,avg_privacy_risk,exploratory,not run: frontier arms absent,0,,,,,,,,,
sensitivity/mmpp2_rho0.3,1000,lambda_p,avg_privacy_risk_ss,exploratory,not run: frontier arms absent,0,,,,,,,,,
sensitivity/mmpp2_rho0.6,1000,q_mixed,avg_privacy_risk,exploratory,ok,3,26,4,0.013416633135305167,-0.0012993652005506978,0.02795800151788594,q-mixed[q=0];q-mixed[q=0.5];q-mixed[q=1],q-mixed[q=0]=ES-only;q-mixed[q=1]=Random-K[K=3],17;19;25;28,run 17: DQN-ES latency 101.53 ms above the slowest frontier point 97.63 ms | run 19: DQN-ES latency 109.39 ms above the slowest frontier point 97.04 ms | run 25: DQN-ES latency 127.37 ms above the slowest frontier point 117.72 ms | run 28: DQN-ES latency 117.26 ms above the slowest frontier point 110.60 ms
sensitivity/mmpp2_rho0.6,1000,q_mixed,avg_privacy_risk_ss,exploratory,ok,3,26,4,0.04663998558646831,0.022449486137238156,0.07187518288434756,q-mixed[q=0];q-mixed[q=0.5];q-mixed[q=1],q-mixed[q=0]=ES-only;q-mixed[q=1]=Random-K[K=3],17;19;25;28,run 17: DQN-ES latency 101.53 ms above the slowest frontier point 97.63 ms | run 19: DQN-ES latency 109.39 ms above the slowest frontier point 97.04 ms | run 25: DQN-ES latency 127.37 ms above the slowest frontier point 117.72 ms | run 28: DQN-ES latency 117.26 ms above the slowest frontier point 110.60 ms
sensitivity/mmpp2_rho0.6,1000,lambda_p,avg_privacy_risk,exploratory,not run: frontier arms absent,0,,,,,,,,,
sensitivity/mmpp2_rho0.6,1000,lambda_p,avg_privacy_risk_ss,exploratory,not run: frontier arms absent,0,,,,,,,,,
sensitivity/mmpp2_rho0.85,1000,q_mixed,avg_privacy_risk,exploratory,ok,3,24,6,0.024195413074584657,0.007563069084918106,0.03763739939549225,q-mixed[q=0];q-mixed[q=0.5];q-mixed[q=1],q-mixed[q=0]=ES-only;q-mixed[q=1]=Random-K[K=3],17;19;21;25;28;29,run 17: DQN-ES latency 105.43 ms above the slowest frontier point 102.55 ms | run 19: DQN-ES latency 122.28 ms above the slowest frontier point 104.60 ms | run 21: DQN-ES latency 161.13 ms above the slowest frontier point 139.78 ms | run 25: DQN-ES latency 152.37 ms above the slowest frontier point 123.95 ms | run 28: DQN-ES latency 123.47 ms above the slowest frontier point 118.38 ms | run 29: DQN-ES latency 130.66 ms above the slowest frontier point 128.24 ms
sensitivity/mmpp2_rho0.85,1000,q_mixed,avg_privacy_risk_ss,exploratory,ok,3,24,6,0.05401446415113034,0.02846102082990895,0.0733919313123442,q-mixed[q=0];q-mixed[q=0.5];q-mixed[q=1],q-mixed[q=0]=ES-only;q-mixed[q=1]=Random-K[K=3],17;19;21;25;28;29,run 17: DQN-ES latency 105.43 ms above the slowest frontier point 102.55 ms | run 19: DQN-ES latency 122.28 ms above the slowest frontier point 104.60 ms | run 21: DQN-ES latency 161.13 ms above the slowest frontier point 139.78 ms | run 25: DQN-ES latency 152.37 ms above the slowest frontier point 123.95 ms | run 28: DQN-ES latency 123.47 ms above the slowest frontier point 118.38 ms | run 29: DQN-ES latency 130.66 ms above the slowest frontier point 128.24 ms
sensitivity/mmpp2_rho0.85,1000,lambda_p,avg_privacy_risk,exploratory,not run: frontier arms absent,0,,,,,,,,,
sensitivity/mmpp2_rho0.85,1000,lambda_p,avg_privacy_risk_ss,exploratory,not run: frontier arms absent,0,,,,,,,,,
sensitivity/cin0.05,1000,q_mixed,avg_privacy_risk,exploratory,ok,3,30,0,-0.004622942686566073,-0.011117968308401754,0.006356053417674534,q-mixed[q=0];q-mixed[q=0.5];q-mixed[q=1],q-mixed[q=0]=ES-only;q-mixed[q=1]=Random-K[K=3],,
sensitivity/cin0.05,1000,q_mixed,avg_privacy_risk_ss,exploratory,ok,3,30,0,0.02449107075590612,0.01869946584675483,0.032972254459487677,q-mixed[q=0];q-mixed[q=0.5];q-mixed[q=1],q-mixed[q=0]=ES-only;q-mixed[q=1]=Random-K[K=3],,
sensitivity/cin0.05,1000,lambda_p,avg_privacy_risk,exploratory,not run: frontier arms absent,0,,,,,,,,,
sensitivity/cin0.05,1000,lambda_p,avg_privacy_risk_ss,exploratory,not run: frontier arms absent,0,,,,,,,,,
sensitivity/cin0.1,1000,q_mixed,avg_privacy_risk,exploratory,ok,3,29,1,-0.008023492684919697,-0.010013400041760434,0.004339639013777152,q-mixed[q=0];q-mixed[q=0.5];q-mixed[q=1],q-mixed[q=0]=ES-only;q-mixed[q=1]=Random-K[K=3],19,run 19: DQN-ES latency 90.39 ms above the slowest frontier point 87.16 ms
sensitivity/cin0.1,1000,q_mixed,avg_privacy_risk_ss,exploratory,ok,3,29,1,0.02393470909630624,0.01905194491122253,0.028960829640161334,q-mixed[q=0];q-mixed[q=0.5];q-mixed[q=1],q-mixed[q=0]=ES-only;q-mixed[q=1]=Random-K[K=3],19,run 19: DQN-ES latency 90.39 ms above the slowest frontier point 87.16 ms
sensitivity/cin0.1,1000,lambda_p,avg_privacy_risk,exploratory,not run: frontier arms absent,0,,,,,,,,,
sensitivity/cin0.1,1000,lambda_p,avg_privacy_risk_ss,exploratory,not run: frontier arms absent,0,,,,,,,,,
sensitivity/cin0.2,1000,q_mixed,avg_privacy_risk,exploratory,ok,3,29,1,-0.004464523334546833,-0.014498012522286607,0.006532707161667872,q-mixed[q=0];q-mixed[q=0.5];q-mixed[q=1],q-mixed[q=0]=ES-only;q-mixed[q=1]=Random-K[K=3],19,run 19: DQN-ES latency 90.73 ms above the slowest frontier point 87.13 ms
sensitivity/cin0.2,1000,q_mixed,avg_privacy_risk_ss,exploratory,ok,3,29,1,0.024039983582595792,0.016238010555479465,0.03426745360443478,q-mixed[q=0];q-mixed[q=0.5];q-mixed[q=1],q-mixed[q=0]=ES-only;q-mixed[q=1]=Random-K[K=3],19,run 19: DQN-ES latency 90.73 ms above the slowest frontier point 87.13 ms
sensitivity/cin0.2,1000,lambda_p,avg_privacy_risk,exploratory,not run: frontier arms absent,0,,,,,,,,,
sensitivity/cin0.2,1000,lambda_p,avg_privacy_risk_ss,exploratory,not run: frontier arms absent,0,,,,,,,,,
sensitivity/cim0.1,1000,q_mixed,avg_privacy_risk,exploratory,ok,3,29,1,-0.006593983443108187,-0.010471424392324735,0.0018056714624334336,q-mixed[q=0];q-mixed[q=0.5];q-mixed[q=1],q-mixed[q=0]=ES-only;q-mixed[q=1]=Random-K[K=3],19,run 19: DQN-ES latency 91.13 ms above the slowest frontier point 87.47 ms
sensitivity/cim0.1,1000,q_mixed,avg_privacy_risk_ss,exploratory,ok,3,29,1,0.023667808627102493,0.019144288617178096,0.03311650850247644,q-mixed[q=0];q-mixed[q=0.5];q-mixed[q=1],q-mixed[q=0]=ES-only;q-mixed[q=1]=Random-K[K=3],19,run 19: DQN-ES latency 91.13 ms above the slowest frontier point 87.47 ms
sensitivity/cim0.1,1000,lambda_p,avg_privacy_risk,exploratory,not run: frontier arms absent,0,,,,,,,,,
sensitivity/cim0.1,1000,lambda_p,avg_privacy_risk_ss,exploratory,not run: frontier arms absent,0,,,,,,,,,
sensitivity/cim0.2,1000,q_mixed,avg_privacy_risk,exploratory,ok,3,29,1,-0.005607089030486678,-0.01119023919504869,3.721928464822666e-05,q-mixed[q=0];q-mixed[q=0.5];q-mixed[q=1],q-mixed[q=0]=ES-only;q-mixed[q=1]=Random-K[K=3],19,run 19: DQN-ES latency 90.42 ms above the slowest frontier point 87.51 ms
sensitivity/cim0.2,1000,q_mixed,avg_privacy_risk_ss,exploratory,ok,3,29,1,0.020479496849547918,0.01657012527314794,0.02829245333250141,q-mixed[q=0];q-mixed[q=0.5];q-mixed[q=1],q-mixed[q=0]=ES-only;q-mixed[q=1]=Random-K[K=3],19,run 19: DQN-ES latency 90.42 ms above the slowest frontier point 87.51 ms
sensitivity/cim0.2,1000,lambda_p,avg_privacy_risk,exploratory,not run: frontier arms absent,0,,,,,,,,,
sensitivity/cim0.2,1000,lambda_p,avg_privacy_risk_ss,exploratory,not run: frontier arms absent,0,,,,,,,,,
sensitivity/warm500 N=100,100,q_mixed,avg_privacy_risk,exploratory,ok,3,17,13,0.0004569694873189367,-0.0019440276579681948,0.01459689539796577,q-mixed[q=0];q-mixed[q=0.5];q-mixed[q=1],q-mixed[q=0]=ES-only;q-mixed[q=1]=Random-K[K=3],3;4;6;7;11;16;19;20;21;23;24;26;27,run 3: DQN-ES latency 85.81 ms below the fastest frontier point 85.87 ms | run 4: DQN-ES latency 69.55 ms below the fastest frontier point 80.86 ms | run 6: DQN-ES latency 60.92 ms below the fastest frontier point 79.90 ms | run 7: DQN-ES latency 67.99 ms below the fastest frontier point 73.01 ms | run 11: DQN-ES latency 70.78 ms below the fastest frontier point 74.76 ms | run 16: DQN-ES latency 84.96 ms below the fastest frontier point 87.80 ms | run 19: DQN-ES latency 99.86 ms below the fastest frontier point 104.70 ms | run 20: DQN-ES latency 60.72 ms below the fastest frontier point 60.78 ms | run 21: DQN-ES latency 69.21 ms below the fastest frontier point 69.48 ms | run 23: DQN-ES latency 67.78 ms below the fastest frontier point 80.95 ms | run 24: DQN-ES latency 84.77 ms below the fastest frontier point 105.31 ms | run 26: DQN-ES latency 73.52 ms below the fastest frontier point 87.51 ms | run 27: DQN-ES latency 86.78 ms below the fastest frontier point 90.90 ms
sensitivity/warm500 N=100,100,q_mixed,avg_privacy_risk_ss,exploratory,avg_privacy_risk_ss not in the summary at this scale,3,,,,,,q-mixed[q=0];q-mixed[q=0.5];q-mixed[q=1],q-mixed[q=0]=ES-only;q-mixed[q=1]=Random-K[K=3],,
sensitivity/warm500 N=100,100,lambda_p,avg_privacy_risk,exploratory,not run: frontier arms absent,0,,,,,,,,,
sensitivity/warm500 N=100,100,lambda_p,avg_privacy_risk_ss,exploratory,avg_privacy_risk_ss not in the summary at this scale,0,,,,,,,,,
sensitivity/warm500 N=1000,1000,q_mixed,avg_privacy_risk,exploratory,ok,3,25,5,0.014333052593493878,0.010053627789072928,0.023616185245444066,q-mixed[q=0];q-mixed[q=0.5];q-mixed[q=1],q-mixed[q=0]=ES-only;q-mixed[q=1]=Random-K[K=3],0;1;9;12;27,run 0: DQN-ES latency 66.39 ms below the fastest frontier point 67.46 ms | run 1: DQN-ES latency 70.79 ms below the fastest frontier point 72.42 ms | run 9: DQN-ES latency 65.07 ms below the fastest frontier point 65.66 ms | run 12: DQN-ES latency 68.74 ms below the fastest frontier point 69.06 ms | run 27: DQN-ES latency 64.19 ms below the fastest frontier point 67.37 ms
sensitivity/warm500 N=1000,1000,q_mixed,avg_privacy_risk_ss,exploratory,ok,3,25,5,0.0067313223512494025,-0.0018246450952374982,0.012637568292953705,q-mixed[q=0];q-mixed[q=0.5];q-mixed[q=1],q-mixed[q=0]=ES-only;q-mixed[q=1]=Random-K[K=3],0;1;9;12;27,run 0: DQN-ES latency 66.39 ms below the fastest frontier point 67.46 ms | run 1: DQN-ES latency 70.79 ms below the fastest frontier point 72.42 ms | run 9: DQN-ES latency 65.07 ms below the fastest frontier point 65.66 ms | run 12: DQN-ES latency 68.74 ms below the fastest frontier point 69.06 ms | run 27: DQN-ES latency 64.19 ms below the fastest frontier point 67.37 ms
sensitivity/warm500 N=1000,1000,lambda_p,avg_privacy_risk,exploratory,not run: frontier arms absent,0,,,,,,,,,
sensitivity/warm500 N=1000,1000,lambda_p,avg_privacy_risk_ss,exploratory,not run: frontier arms absent,0,,,,,,,,,
sensitivity/warm2000 N=100,100,q_mixed,avg_privacy_risk,exploratory,ok,3,16,14,0.0007346530797294193,-0.009434684103395818,0.003199661673467191,q-mixed[q=0];q-mixed[q=0.5];q-mixed[q=1],q-mixed[q=0]=ES-only;q-mixed[q=1]=Random-K[K=3],1;3;6;7;8;9;13;14;15;16;19;23;24;29,run 1: DQN-ES latency 95.05 ms below the fastest frontier point 96.24 ms | run 3: DQN-ES latency 83.00 ms below the fastest frontier point 85.87 ms | run 6: DQN-ES latency 57.75 ms below the fastest frontier point 79.90 ms | run 7: DQN-ES latency 71.21 ms below the fastest frontier point 73.01 ms | run 8: DQN-ES latency 57.72 ms below the fastest frontier point 65.84 ms | run 9: DQN-ES latency 63.21 ms below the fastest frontier point 83.36 ms | run 13: DQN-ES latency 86.02 ms below the fastest frontier point 104.88 ms | run 14: DQN-ES latency 65.28 ms below the fastest frontier point 65.49 ms | run 15: DQN-ES latency 70.64 ms below the fastest frontier point 74.81 ms | run 16: DQN-ES latency 73.43 ms below the fastest frontier point 87.80 ms | run 19: DQN-ES latency 97.96 ms below the fastest frontier point 104.70 ms | run 23: DQN-ES latency 66.71 ms below the fastest frontier point 80.95 ms | run 24: DQN-ES latency 84.72 ms below the fastest frontier point 105.31 ms | run 29: DQN-ES latency 81.99 ms below the fastest frontier point 82.22 ms
sensitivity/warm2000 N=100,100,q_mixed,avg_privacy_risk_ss,exploratory,avg_privacy_risk_ss not in the summary at this scale,3,,,,,,q-mixed[q=0];q-mixed[q=0.5];q-mixed[q=1],q-mixed[q=0]=ES-only;q-mixed[q=1]=Random-K[K=3],,
sensitivity/warm2000 N=100,100,lambda_p,avg_privacy_risk,exploratory,not run: frontier arms absent,0,,,,,,,,,
sensitivity/warm2000 N=100,100,lambda_p,avg_privacy_risk_ss,exploratory,avg_privacy_risk_ss not in the summary at this scale,0,,,,,,,,,
sensitivity/warm2000 N=1000,1000,q_mixed,avg_privacy_risk,exploratory,ok,3,22,8,0.01117958429997562,0.004983784076325326,0.01877293202484559,q-mixed[q=0];q-mixed[q=0.5];q-mixed[q=1],q-mixed[q=0]=ES-only;q-mixed[q=1]=Random-K[K=3],9;10;12;15;21;22;25;28,run 9: DQN-ES latency 65.53 ms below the fastest frontier point 65.66 ms | run 10: DQN-ES latency 65.10 ms below the fastest frontier point 67.36 ms | run 12: DQN-ES latency 69.03 ms below the fastest frontier point 69.06 ms | run 15: DQN-ES latency 67.23 ms below the fastest frontier point 67.98 ms | run 21: DQN-ES latency 68.10 ms below the fastest frontier point 71.56 ms | run 22: DQN-ES latency 69.80 ms below the fastest frontier point 73.52 ms | run 25: DQN-ES latency 73.19 ms below the fastest frontier point 73.70 ms | run 28: DQN-ES latency 72.29 ms below the fastest frontier point 72.46 ms
sensitivity/warm2000 N=1000,1000,q_mixed,avg_privacy_risk_ss,exploratory,ok,3,22,8,0.0037724769223969334,0.0006312069130777753,0.009989406454055272,q-mixed[q=0];q-mixed[q=0.5];q-mixed[q=1],q-mixed[q=0]=ES-only;q-mixed[q=1]=Random-K[K=3],9;10;12;15;21;22;25;28,run 9: DQN-ES latency 65.53 ms below the fastest frontier point 65.66 ms | run 10: DQN-ES latency 65.10 ms below the fastest frontier point 67.36 ms | run 12: DQN-ES latency 69.03 ms below the fastest frontier point 69.06 ms | run 15: DQN-ES latency 67.23 ms below the fastest frontier point 67.98 ms | run 21: DQN-ES latency 68.10 ms below the fastest frontier point 71.56 ms | run 22: DQN-ES latency 69.80 ms below the fastest frontier point 73.52 ms | run 25: DQN-ES latency 73.19 ms below the fastest frontier point 73.70 ms | run 28: DQN-ES latency 72.29 ms below the fastest frontier point 72.46 ms
sensitivity/warm2000 N=1000,1000,lambda_p,avg_privacy_risk,exploratory,not run: frontier arms absent,0,,,,,,,,,
sensitivity/warm2000 N=1000,1000,lambda_p,avg_privacy_risk_ss,exploratory,not run: frontier arms absent,0,,,,,,,,,
scaling M=8,1000,q_mixed,avg_privacy_risk,exploratory,ok,3,29,1,0.00493006004270885,-0.015032642017109188,0.02151498112451139,q-mixed[q=0];q-mixed[q=0.5];q-mixed[q=1],q-mixed[q=0]=ES-only;q-mixed[q=1]=Random-K[K=3],19,run 19: DQN-ES latency 182.26 ms above the slowest frontier point 147.27 ms
scaling M=8,1000,q_mixed,avg_privacy_risk_ss,exploratory,ok,3,29,1,0.06352495610848236,0.03149713748927074,0.07427900087046835,q-mixed[q=0];q-mixed[q=0.5];q-mixed[q=1],q-mixed[q=0]=ES-only;q-mixed[q=1]=Random-K[K=3],19,run 19: DQN-ES latency 182.26 ms above the slowest frontier point 147.27 ms
scaling M=8,1000,lambda_p,avg_privacy_risk,exploratory,not run: frontier arms absent,0,,,,,,,,,
scaling M=8,1000,lambda_p,avg_privacy_risk_ss,exploratory,not run: frontier arms absent,0,,,,,,,,,
scaling M=16,1000,q_mixed,avg_privacy_risk,exploratory,ok,3,29,1,0.055532122814676954,0.034605736986363766,0.08410880149183786,q-mixed[q=0];q-mixed[q=0.5];q-mixed[q=1],q-mixed[q=0]=ES-only;q-mixed[q=1]=Random-K[K=3],9,run 9: DQN-ES latency 211.67 ms above the slowest frontier point 203.66 ms
scaling M=16,1000,q_mixed,avg_privacy_risk_ss,exploratory,ok,3,29,1,0.15053199596367756,0.13724612352278576,0.18906562875930738,q-mixed[q=0];q-mixed[q=0.5];q-mixed[q=1],q-mixed[q=0]=ES-only;q-mixed[q=1]=Random-K[K=3],9,run 9: DQN-ES latency 211.67 ms above the slowest frontier point 203.66 ms
scaling M=16,1000,lambda_p,avg_privacy_risk,exploratory,not run: frontier arms absent,0,,,,,,,,,
scaling M=16,1000,lambda_p,avg_privacy_risk_ss,exploratory,not run: frontier arms absent,0,,,,,,,,,
scaling M=32,1000,q_mixed,avg_privacy_risk,exploratory,ok,3,25,5,0.07915778380395905,0.008516713012033494,0.12179150615880224,q-mixed[q=0];q-mixed[q=0.5];q-mixed[q=1],q-mixed[q=0]=ES-only;q-mixed[q=1]=Random-K[K=3],6;14;15;17;18,run 6: DQN-ES latency 702.13 ms above the slowest frontier point 471.96 ms | run 14: DQN-ES latency 295.81 ms above the slowest frontier point 291.58 ms | run 15: DQN-ES latency 368.05 ms above the slowest frontier point 348.52 ms | run 17: DQN-ES latency 227.79 ms above the slowest frontier point 219.13 ms | run 18: DQN-ES latency 334.63 ms above the slowest frontier point 267.73 ms
scaling M=32,1000,q_mixed,avg_privacy_risk_ss,exploratory,ok,3,25,5,0.17455537717787672,0.0910061687035068,0.23553252704037297,q-mixed[q=0];q-mixed[q=0.5];q-mixed[q=1],q-mixed[q=0]=ES-only;q-mixed[q=1]=Random-K[K=3],6;14;15;17;18,run 6: DQN-ES latency 702.13 ms above the slowest frontier point 471.96 ms | run 14: DQN-ES latency 295.81 ms above the slowest frontier point 291.58 ms | run 15: DQN-ES latency 368.05 ms above the slowest frontier point 348.52 ms | run 17: DQN-ES latency 227.79 ms above the slowest frontier point 219.13 ms | run 18: DQN-ES latency 334.63 ms above the slowest frontier point 267.73 ms
scaling M=32,1000,lambda_p,avg_privacy_risk,exploratory,not run: frontier arms absent,0,,,,,,,,,
scaling M=32,1000,lambda_p,avg_privacy_risk_ss,exploratory,not run: frontier arms absent,0,,,,,,,,,
