scheduler,phase,n_decisions,explored_frac,mismatch_frac,dest_n10,dest_n11,dest_n12,dest_n13,dest_n14
DQN-ES,eps>0.5,4170,0.728537170263789,0.7328537170263789,0.3959232613908873,0.07266187050359713,0.0657074340527578,0.07697841726618705,0.38872901678657074
DQN-ES,0.1<eps<=0.5,9630,0.23904465212876427,0.6423676012461059,0.4384215991692627,0.026272066458982345,0.02035306334371755,0.023468328141225337,0.49148494288681205
DQN-ES,eps<=0.1,16200,0.05703703703703704,0.47716049382716047,0.43993827160493826,0.009567901234567902,0.005185185185185185,0.0072839506172839505,0.5380246913580247
DQN-ES[K=2],eps>0.5,4170,0.7218225419664268,0.717505995203837,0.32302158273381293,0.12326139088729017,0.1040767386091127,0.11966426858513189,0.3299760191846523
DQN-ES[K=2],0.1<eps<=0.5,9630,0.24205607476635513,0.49117341640706125,0.4033229491173416,0.05088265835929388,0.045067497403946,0.04434060228452752,0.45638629283489096
DQN-ES[K=2],eps<=0.1,16200,0.05567901234567901,0.4415432098765432,0.38882716049382715,0.029444444444444443,0.01660493827160494,0.017839506172839505,0.547283950617284
DQN-ES[K=4],eps>0.5,4170,0.7035971223021583,0.7551558752997601,0.4117505995203837,0.05275779376498801,0.03645083932853717,0.04724220623501199,0.45179856115107914
DQN-ES[K=4],0.1<eps<=0.5,9630,0.2467289719626168,0.5833852544132918,0.4200415368639668,0.008203530633437175,0.005919003115264798,0.008515057113187955,0.5573208722741433
DQN-ES[K=4],eps<=0.1,16200,0.05604938271604938,0.4275925925925926,0.4106172839506173,0.005864197530864198,0.0032098765432098763,0.006234567901234568,0.5740740740740741
DQN-ES[K=5],eps>0.5,4170,0.7215827338129497,0.749400479616307,0.41774580335731415,0.040527577937649883,0.03525179856115108,0.04100719424460432,0.4654676258992806
DQN-ES[K=5],0.1<eps<=0.5,9630,0.24569055036344756,0.5205607476635514,0.42076843198338526,0.00529595015576324,0.004361370716510903,0.0076843198338525445,0.561889927310488
DQN-ES[K=5],eps<=0.1,16200,0.055308641975308645,0.4262345679012346,0.40882716049382717,0.00537037037037037,0.004876543209876543,0.006419753086419753,0.5745061728395062
DQN-only,eps>0.5,4170,0.7230215827338129,0.579136690647482,0.2573141486810552,0.17338129496402876,0.1642685851318945,0.16258992805755396,0.24244604316546764
DQN-only,0.1<eps<=0.5,9630,0.25150571131879546,0.2023883696780893,0.4643821391484943,0.05264797507788162,0.050986500519210796,0.059190031152647975,0.37279335410176534
DQN-only,eps<=0.1,16200,0.054691358024691356,0.04259259259259259,0.6579012345679013,0.011666666666666667,0.010864197530864197,0.011111111111111112,0.3084567901234568
