scheduler,decision_block_start,td_loss_mean,q_max_mean
DQN-ES,0,0.051407419444444435,0.24206818433333335
DQN-ES,50,0.04249731082666667,0.2283492041726667
DQN-ES,100,0.03285575667333333,0.22452468626
DQN-ES,150,0.027843267526666667,0.22929577995333333
DQN-ES,200,0.02451263668,0.23621037359933333
DQN-ES,250,0.02208958462,0.245993776398
DQN-ES,300,0.020108892586666666,0.26203606760000003
DQN-ES,350,0.019333737900000002,0.28129012678133336
DQN-ES,400,0.018529641213333333,0.30404048696066666
DQN-ES,450,0.017705394386666663,0.32537373916600004
DQN-ES,500,0.017173413066666667,0.3529336709333334
DQN-ES,550,0.016408757753333333,0.37575079910666664
DQN-ES,600,0.016330135953333335,0.4008314335333333
DQN-ES,650,0.015984124553333333,0.4274467362
DQN-ES,700,0.015717272053333335,0.4554434104
DQN-ES,750,0.015188140293333333,0.48063323840000005
DQN-ES,800,0.014927914666666667,0.5082404638666667
DQN-ES,850,0.01482698216,0.5338871601333334
DQN-ES,900,0.015155955306666666,0.5593796647999999
DQN-ES,950,0.01508500452,0.5854656495333334
DQN-ES[K=2],0,0.06979363944444444,0.23978957866466666
DQN-ES[K=2],50,0.06614947466666667,0.21039664531399999
DQN-ES[K=2],100,0.058519825886666654,0.19173979925333334
DQN-ES[K=2],150,0.048300979266666676,0.18863575425113333
DQN-ES[K=2],200,0.0430272032,0.19135182555466668
DQN-ES[K=2],250,0.03862610251333333,0.19446232213666667
DQN-ES[K=2],300,0.035075446553333334,0.20562072880993332
DQN-ES[K=2],350,0.03205805904666667,0.2192238577118
DQN-ES[K=2],400,0.029215831186666673,0.23264740485299998
DQN-ES[K=2],450,0.028859572820000002,0.24687534743598666
DQN-ES[K=2],500,0.027421834633333333,0.26555640525266666
DQN-ES[K=2],550,0.025206260753333334,0.27976446702666663
DQN-ES[K=2],600,0.024750201206666666,0.29764158986
DQN-ES[K=2],650,0.023893397620000003,0.315743436084
DQN-ES[K=2],700,0.02332151305333333,0.3343949882933333
DQN-ES[K=2],750,0.022512014893333335,0.35462997763333337
DQN-ES[K=2],800,0.022054971766666667,0.37336761612133335
DQN-ES[K=2],850,0.022552022720000002,0.39208952464666663
DQN-ES[K=2],900,0.0213787137,0.4081756594
DQN-ES[K=2],950,0.0212427458,0.4250861806993334
DQN-ES[K=4],0,0.042583664629629626,0.241637771
DQN-ES[K=4],50,0.03394656557333333,0.23246441714666666
DQN-ES[K=4],100,0.025032137933333337,0.23226597255933332
DQN-ES[K=4],150,0.02045105156,0.24436377356953334
DQN-ES[K=4],200,0.017770911433333335,0.25917906908666666
DQN-ES[K=4],250,0.016092126733333333,0.2780922187333333
DQN-ES[K=4],300,0.014702021033333334,0.3018699228
DQN-ES[K=4],350,0.014230817759999998,0.3297315852822667
DQN-ES[K=4],400,0.013700893373333332,0.36245016674666664
DQN-ES[K=4],450,0.013174278499999999,0.3924551678666667
DQN-ES[K=4],500,0.012954917320000002,0.4292242586466667
DQN-ES[K=4],550,0.012860419006666665,0.459807233
DQN-ES[K=4],600,0.01283653486,0.49203513933333337
DQN-ES[K=4],650,0.012553366453333334,0.5267370219999999
DQN-ES[K=4],700,0.012401489440000002,0.561872632
DQN-ES[K=4],750,0.012461510986666667,0.594295848
DQN-ES[K=4],800,0.012394434420000001,0.6295972306666666
DQN-ES[K=4],850,0.01227904374,0.6604880113333333
DQN-ES[K=4],900,0.012095545646666667,0.6926464493333334
DQN-ES[K=4],950,0.012238011586666668,0.7247616173333332
DQN-ES[K=5],0,0.03954725944444444,0.24219224553333332
DQN-ES[K=5],50,0.03166699384,0.23834343752666667
DQN-ES[K=5],100,0.02264099056,0.24417148764000002
DQN-ES[K=5],150,0.017909411400000002,0.26578477584000004
DQN-ES[K=5],200,0.01544454746,0.2949857894426667
DQN-ES[K=5],250,0.013891202286666666,0.32827026389999997
DQN-ES[K=5],300,0.012893983326666665,0.36800950944000005
DQN-ES[K=5],350,0.012794244346666666,0.4087153085333334
DQN-ES[K=5],400,0.012455963793333332,0.4522553713333333
DQN-ES[K=5],450,0.012188114713333335,0.4913741786666666
DQN-ES[K=5],500,0.012130055206666669,0.5364217766666667
DQN-ES[K=5],550,0.01207598128,0.5741955126666667
DQN-ES[K=5],600,0.012321128993333335,0.6126042266666667
DQN-ES[K=5],650,0.011999259786666668,0.6531494386666666
DQN-ES[K=5],700,0.012164991633333334,0.6938808806666666
DQN-ES[K=5],750,0.012205936933333333,0.7312461206666667
DQN-ES[K=5],800,0.011910310713333334,0.7718578180000001
DQN-ES[K=5],850,0.011903338546666664,0.80704245
DQN-ES[K=5],900,0.011835103413333334,0.8429917619999999
DQN-ES[K=5],950,0.011896491333333335,0.8799187933333332
DQN-only,0,0.15716520462962963,0.2362422235
DQN-only,50,0.14827825206666667,0.15936451699933335
DQN-only,100,0.12411091713333333,0.13000366324733334
DQN-only,150,0.09814837626666667,0.13359828214466665
DQN-only,200,0.08089098233333335,0.13601109253293334
DQN-only,250,0.06843145613333333,0.1384448142852
DQN-only,300,0.060617997066666665,0.15109358422784
DQN-only,350,0.0536118992,0.167744221589
DQN-only,400,0.049769711433333336,0.17960184272199997
DQN-only,450,0.04539765706666666,0.1905001734697887
DQN-only,500,0.042852923206666664,0.20685174355133332
DQN-only,550,0.039738892033333334,0.21455620536266665
DQN-only,600,0.0384960354,0.22552205528533334
DQN-only,650,0.035926816300000004,0.2308784328033333
DQN-only,700,0.036155238086666666,0.23446596251066668
DQN-only,750,0.03492669328,0.23496650961533336
DQN-only,800,0.033289850766666663,0.23284577639266668
DQN-only,850,0.032904911913333335,0.22587270439533336
DQN-only,900,0.032215918126666666,0.21598172737866667
DQN-only,950,0.031218571273333336,0.20602570412999996
