scheduler,q_rank,count,frac
DQN-ES,0,14764,0.4921333333333333
DQN-ES,1,10149,0.3383
DQN-ES,2,3384,0.1128
DQN-ES,3,1040,0.034666666666666665
DQN-ES,4,663,0.0221
DQN-ES[K=2],0,15366,0.5122
DQN-ES[K=2],1,11283,0.3761
DQN-ES[K=2],2,1270,0.042333333333333334
DQN-ES[K=2],3,1165,0.03883333333333333
DQN-ES[K=2],4,916,0.030533333333333332
DQN-ES[K=4],0,15493,0.5164333333333333
DQN-ES[K=4],1,9817,0.3272333333333333
DQN-ES[K=4],2,2708,0.09026666666666666
DQN-ES[K=4],3,1366,0.045533333333333335
DQN-ES[K=4],4,616,0.020533333333333334
DQN-ES[K=5],0,15837,0.5279
DQN-ES[K=5],1,9631,0.32103333333333334
DQN-ES[K=5],2,2515,0.08383333333333333
DQN-ES[K=5],3,1253,0.04176666666666667
DQN-ES[K=5],4,764,0.025466666666666665
DQN-only,0,24968,0.8322666666666667
DQN-only,1,1242,0.0414
DQN-only,2,1247,0.04156666666666667
DQN-only,3,1239,0.0413
DQN-only,4,1304,0.04346666666666667
