scheduler,n_test_runs,auc_mean_per_run,ci_lo,ci_hi,pooled_cv_auc,label
ACO,30,0.5010721256293832,0.492643999641761,0.5098398597752276,0.5002510258969678,secondary (P2b): 5-fold GroupKFold over all replicates
Cloud-Only,30,0.5028355329883014,0.494214085647199,0.5109432464264028,0.5019445784768776,secondary (P2b): 5-fold GroupKFold over all replicates
DQN-ES,30,0.5725285004560127,0.5603975143920552,0.5844302378486961,0.5700344038951937,secondary (P2b): 5-fold GroupKFold over all replicates
DQN-ES[K=1],30,0.5089323466616229,0.49850902224389937,0.5201339210633142,0.5080650468277299,secondary (P2b): 5-fold GroupKFold over all replicates
DQN-ES[K=2],30,0.5273640993213046,0.5109258703732404,0.5425061786373134,0.5255162688804993,secondary (P2b): 5-fold GroupKFold over all replicates
DQN-ES[K=3],30,0.5725285004560127,0.5603228978341489,0.584132823151897,0.5700344038951937,secondary (P2b): 5-fold GroupKFold over all replicates
DQN-ES[K=4],30,0.5984165694739314,0.588714088587705,0.60789530509025,0.596320946750851,secondary (P2b): 5-fold GroupKFold over all replicates
DQN-ES[K=5],30,0.6207034833600259,0.6115422542809826,0.6298560027718582,0.6189344870442447,secondary (P2b): 5-fold GroupKFold over all replicates
DQN-only,30,0.5089323466616229,0.4985957793100525,0.520175300862802,0.5080650468277299,secondary (P2b): 5-fold GroupKFold over all replicates
ES-only,30,0.6207034833600259,0.6114270273773569,0.6297943681541477,0.6189344870442447,secondary (P2b): 5-fold GroupKFold over all replicates
ES-only[lP=0.5],30,0.5941007099638792,0.5858057891160398,0.6024921021514499,0.5915254382930479,secondary (P2b): 5-fold GroupKFold over all replicates
ES-only[lP=1.5],30,0.6330048821095463,0.623337995836752,0.6425208960548446,0.6319452991896163,secondary (P2b): 5-fold GroupKFold over all replicates
ES-only[lP=10],30,0.7384233504127385,0.7238372815695193,0.7530383794528173,0.7366656082509275,secondary (P2b): 5-fold GroupKFold over all replicates
ES-only[lP=1],30,0.6207034833600259,0.6114982272156793,0.6296292902855659,0.6189344870442447,secondary (P2b): 5-fold GroupKFold over all replicates
ES-only[lP=2],30,0.6512407872666213,0.6389654349065564,0.6637081143299284,0.6491828524288787,secondary (P2b): 5-fold GroupKFold over all replicates
ES-only[lP=3],30,0.6654400691126063,0.6537303463931815,0.6767582602629912,0.6625232431256605,secondary (P2b): 5-fold GroupKFold over all replicates
ES-only[lP=5],30,0.6927144995643423,0.6792161066971105,0.7071260373686885,0.6914211321141401,secondary (P2b): 5-fold GroupKFold over all replicates
HS-HHO,30,0.6207034833600259,0.6114168082475954,0.6298672347564188,0.6189344870442447,secondary (P2b): 5-fold GroupKFold over all replicates
Local-Only,30,0.5048273225219432,0.49691525741170206,0.5126381043473602,0.503825503783658,secondary (P2b): 5-fold GroupKFold over all replicates
PSO,30,0.6176205681018649,0.6078803737861636,0.6274185395158127,0.6157950517267307,secondary (P2b): 5-fold GroupKFold over all replicates
PSO+DQN,30,0.5725285004560127,0.5602301604147474,0.5842035655394252,0.5700344038951937,secondary (P2b): 5-fold GroupKFold over all replicates
Random-K[K=3],30,0.5381302354151607,0.5269476252017071,0.5486055768706004,0.5375936678352169,secondary (P2b): 5-fold GroupKFold over all replicates
Static-Tier,30,0.4953220041603091,0.4890386307459466,0.501726912214255,0.4942731968610485,secondary (P2b): 5-fold GroupKFold over all replicates
q-mixed[q=0.1],30,0.6076680850504345,0.5986356904420729,0.6167940927347343,0.60620666372061,secondary (P2b): 5-fold GroupKFold over all replicates
q-mixed[q=0.25],30,0.5884053190621307,0.5806611446056587,0.5962980985980284,0.587333432364913,secondary (P2b): 5-fold GroupKFold over all replicates
q-mixed[q=0.5],30,0.5752416628031206,0.5676766707657318,0.5834791657963403,0.5737666967564934,secondary (P2b): 5-fold GroupKFold over all replicates
q-mixed[q=0.75],30,0.5513770509906438,0.5434395479516252,0.559516975913653,0.5502560585806053,secondary (P2b): 5-fold GroupKFold over all replicates
q-mixed[q=0],30,0.6207034833600259,0.6113330758414881,0.6297614394605847,0.6189344870442447,secondary (P2b): 5-fold GroupKFold over all replicates
q-mixed[q=1],30,0.5381302354151607,0.5273880541056263,0.5488385966859556,0.5375936678352169,secondary (P2b): 5-fold GroupKFold over all replicates
