scheduler,ci_tier,n_tasks,p_n10,p_n11,p_n12,p_n13,p_n14,mi_pooled_bits,label
ES-only[lP=0.5],low,5975,0.49523012552301254,0.006359832635983264,0.006192468619246862,0.0068619246861924684,0.48535564853556484,0.010973362256796505,"secondary (P2b), not pre-declared"
ES-only[lP=0.5],medium,18079,0.4016815089330162,0.005697217766469385,0.0038718955694452125,0.00475690027103269,0.5839924774600365,0.010973362256796505,"secondary (P2b), not pre-declared"
ES-only[lP=0.5],high,5946,0.32795156407669024,0.0015136226034308778,0.0008409014463504877,0.0013454423141607804,0.6683484695593677,0.010973362256796505,"secondary (P2b), not pre-declared"
ES-only[lP=1],low,5975,0.5338912133891214,0.01707112970711297,0.014560669456066946,0.020251046025104604,0.41422594142259417,0.022532443765367643,"secondary (P2b), not pre-declared"
ES-only[lP=1],medium,18079,0.4025112008407545,0.010730682006748161,0.009569113335914597,0.011892250677581725,0.5652967531390011,0.022532443765367643,"secondary (P2b), not pre-declared"
ES-only[lP=1],high,5946,0.32795156407669024,0.001849983181971073,0.0013454423141607804,0.002186343760511268,0.6666666666666666,0.022532443765367643,"secondary (P2b), not pre-declared"
ES-only[lP=3],low,5975,0.5400836820083682,0.06092050209205021,0.04301255230125523,0.059748953974895394,0.29623430962343095,0.04861193300766764,"secondary (P2b), not pre-declared"
ES-only[lP=3],medium,18079,0.40057525305603187,0.03451518336191161,0.02666076663532275,0.03291111234028431,0.5053376846064495,0.04861193300766764,"secondary (P2b), not pre-declared"
ES-only[lP=3],high,5946,0.3340060544904137,0.005718129835183316,0.004372687521022536,0.004372687521022536,0.6515304406323579,0.04861193300766764,"secondary (P2b), not pre-declared"
ES-only[lP=10],low,5975,0.37422594142259413,0.1491213389121339,0.12535564853556486,0.14443514644351466,0.20686192468619247,0.07705770435922395,"secondary (P2b), not pre-declared"
ES-only[lP=10],medium,18079,0.3679407046849936,0.08894297250954146,0.07716134741965816,0.09076829470656562,0.3751866806792411,0.07705770435922395,"secondary (P2b), not pre-declared"
ES-only[lP=10],high,5946,0.3403969054826774,0.020349815001681804,0.016649848637739658,0.015472586612848975,0.6071308442650521,0.07705770435922395,"secondary (P2b), not pre-declared"
