scheduler,n_runs,mi_bits_mean,ci_lo,ci_hi
ACO,30,0.0022372556477079516,0.0016968913571354994,0.0027867765619754093
Cloud-Only,30,0.0,0.0,0.0
DQN-ES,30,0.012394469416200976,0.009634354009094166,0.01608798746597406
DQN-ES[K=1],30,0.006949806078352355,0.005754461198558773,0.008298691242235845
DQN-ES[K=2],30,0.017267412911285838,0.01108827590042316,0.025090891405534724
DQN-ES[K=3],30,0.012394469416200976,0.009631161645822079,0.016092054082127043
DQN-ES[K=4],30,0.010588664460837024,0.008718557130692774,0.012613035517937682
DQN-ES[K=5],30,0.015782793986885823,0.013390390508331735,0.018159788975052667
DQN-only,30,0.006949806078352355,0.005719514156696637,0.00832663577518625
ES-only,30,0.015782793986885823,0.013485366309716033,0.018169493726541072
ES-only[lP=0.5],30,0.009288996791794702,0.007690388520833136,0.010985928638871816
ES-only[lP=1.5],30,0.023985846963505086,0.020344139493416163,0.028328862443935097
ES-only[lP=10],30,0.07838187176853124,0.06526221073642999,0.09192084462226838
ES-only[lP=1],30,0.015782793986885823,0.013431297728464823,0.018199637855435772
ES-only[lP=2],30,0.03123466914387551,0.026872907345992663,0.03587367454509911
ES-only[lP=3],30,0.04383205146903238,0.036577781249802314,0.05125990724764403
ES-only[lP=5],30,0.06109973197537884,0.05152684378615455,0.07147497460283819
HS-HHO,30,0.015782793986885823,0.013481719421488696,0.018154080419904742
Local-Only,30,0.0,0.0,0.0
PSO,30,0.014966786825122067,0.012730539071968966,0.01726392381141134
PSO+DQN,30,0.012394469416200976,0.009690189258527845,0.016084414971118597
Random-K[K=3],30,0.010763370765290804,0.008035574301532627,0.014087901153153086
Static-Tier,30,0.0017967938954380248,0.0013240535692842536,0.0022978715731916117
q-mixed[q=0.1],30,0.012048380793846751,0.010175438324913851,0.013982838927915322
q-mixed[q=0.25],30,0.010343362669509158,0.008904491630502146,0.011909116269847852
q-mixed[q=0.5],30,0.010511012096776563,0.008666945650862998,0.012518514836099968
q-mixed[q=0.75],30,0.009547935090435286,0.00815899608648938,0.010973940982037666
q-mixed[q=0],30,0.015782793986885823,0.013435316257681722,0.018184568415365497
q-mixed[q=1],30,0.010763370765290804,0.007987552031668023,0.014128125373074655
