scheduler_set,n_schedulers,x_metric,y_metric,n_test_runs,spearman_rho,ci_lo,ci_hi,p_perm_two_sided,spearman_rho_x_all30,label
distinct_policies,21,avg_privacy_risk,auc[dest],10,-0.031178955850328947,-0.15852550365151616,0.09223774439055647,0.8931106889311069,-0.06625528118194901,exploratory (not declared in D17)
distinct_policies,21,avg_privacy_risk,auc[dest+timing],10,-0.024675324675324677,-0.13506493506493505,0.03766233766233767,0.9159084091590841,-0.06103896103896104,exploratory (not declared in D17)
distinct_policies,21,avg_privacy_risk,auc[dest+timing+size],10,-0.016883116883116882,-0.11561688311688308,0.0662662337662336,0.944005599440056,-0.05454545454545454,exploratory (not declared in D17)
distinct_policies,21,avg_privacy_risk,mi_dest_tier,10,-0.03507632533162006,-0.17927899613939144,0.011692108443873353,0.8809119088091191,-0.076648266465392,exploratory (not declared in D17)
distinct_policies,21,avg_privacy_risk_ss,auc[dest],10,-0.0857421285884046,-0.18967198142283445,0.046800911854503996,0.7086291370862914,-0.1000324833531387,exploratory (not declared in D17)
distinct_policies,21,avg_privacy_risk_ss,auc[dest+timing],10,-0.07532467532467534,-0.17662337662337665,-0.00909090909090909,0.7403259674032596,-0.08961038961038961,exploratory (not declared in D17)
distinct_policies,21,avg_privacy_risk_ss,auc[dest+timing+size],10,-0.06623376623376624,-0.14935064935064934,0.02077922077922078,0.7723227677232277,-0.08181818181818182,exploratory (not declared in D17)
distinct_policies,21,avg_privacy_risk_ss,mi_dest_tier,10,-0.0012991231604303727,-0.1715816914138413,0.049366680096354164,0.9966003399660034,-0.016888601085594847,exploratory (not declared in D17)
listed_nine,9,avg_privacy_risk,auc[dest],10,0.30125786715206027,0.15062893357603013,0.4518868007280905,0.42195780421957807,0.25104822262671694,exploratory (not declared in D17)
listed_nine,9,avg_privacy_risk,auc[dest+timing],10,0.33333333333333337,0.18291666666666742,0.5,0.38466153384661533,0.2833333333333333,exploratory (not declared in D17)
listed_nine,9,avg_privacy_risk,auc[dest+timing+size],10,0.33333333333333337,0.18333333333333335,0.5333333333333333,0.37836216378362164,0.2833333333333333,exploratory (not declared in D17)
listed_nine,9,avg_privacy_risk,mi_dest_tier,10,0.3514675116774037,0.2008385781013735,0.36820405985251814,0.34566543345665435,0.2677847708018314,exploratory (not declared in D17)
listed_nine,9,avg_privacy_risk_ss,auc[dest],10,0.33473096350228926,0.25104822262671694,0.48535989707831934,0.36976302369763026,0.30125786715206027,exploratory (not declared in D17)
listed_nine,9,avg_privacy_risk_ss,auc[dest+timing],10,0.3666666666666667,0.25,0.5333333333333333,0.3397660233976602,0.33333333333333337,exploratory (not declared in D17)
listed_nine,9,avg_privacy_risk_ss,auc[dest+timing+size],10,0.3666666666666667,0.25,0.5499999999999999,0.3351664833516648,0.33333333333333337,exploratory (not declared in D17)
listed_nine,9,avg_privacy_risk_ss,mi_dest_tier,10,0.401677156202747,0.30125786715206027,0.4184137043778615,0.28117188281171884,0.3514675116774037,exploratory (not declared in D17)
excl_single_destination,19,avg_privacy_risk,auc[dest],10,-0.028070175438596492,-0.2210526315789474,0.1087719298245614,0.9086091390860914,-0.07543859649122807,exploratory (not declared in D17)
excl_single_destination,19,avg_privacy_risk,auc[dest+timing],10,-0.0017543859649122807,-0.13684210526315788,0.06666666666666667,0.9971002899710029,-0.05087719298245614,exploratory (not declared in D17)
excl_single_destination,19,avg_privacy_risk,auc[dest+timing+size],10,0.008771929824561405,-0.12460526315789466,0.06842105263157894,0.9738026197380262,-0.042105263157894736,exploratory (not declared in D17)
excl_single_destination,19,avg_privacy_risk,mi_dest_tier,10,-0.04736842105263158,-0.25618421052631574,0.014078947368420814,0.8519148085191481,-0.10350877192982455,exploratory (not declared in D17)
excl_single_destination,19,avg_privacy_risk_ss,auc[dest],10,-0.08771929824561404,-0.25267543859649116,0.05263157894736842,0.714928507149285,-0.10701754385964912,exploratory (not declared in D17)
excl_single_destination,19,avg_privacy_risk_ss,auc[dest+timing],10,-0.056140350877192984,-0.1824561403508772,0.02631578947368421,0.8153184681531847,-0.07543859649122807,exploratory (not declared in D17)
excl_single_destination,19,avg_privacy_risk_ss,auc[dest+timing+size],10,-0.04385964912280702,-0.15263157894736842,0.02982456140350877,0.8585141485851415,-0.06491228070175438,exploratory (not declared in D17)
excl_single_destination,19,avg_privacy_risk_ss,mi_dest_tier,10,-0.0017543859649122807,-0.2281140350877192,0.06140350877192983,0.9973002699730027,-0.02280701754385965,exploratory (not declared in D17)
