scheduler,x_metric,y_metric,x_test_runs,x_all30,y_test_runs
ACO,avg_privacy_risk,auc[dest],0.6968108285805664,0.6908626155161609,0.5139091295217738
Cloud-Only,avg_privacy_risk,auc[dest],0.7575249999999999,0.7561950000000001,0.48905019882647044
DQN-ES,avg_privacy_risk,auc[dest],0.35115661833005724,0.3435503396372648,0.5310677255801827
DQN-ES[K=2],avg_privacy_risk,auc[dest],0.2980822150752697,0.2936041929408643,0.5231180089212112
DQN-ES[K=4],avg_privacy_risk,auc[dest],0.3888271585212263,0.3758737586212132,0.5455969011622173
DQN-only,avg_privacy_risk,auc[dest],0.37756388816395065,0.371236954667683,0.48419750773711934
ES-only,avg_privacy_risk,auc[dest],0.39588127297008374,0.38314106804473996,0.5709367026761687
ES-only[lP=0.5],avg_privacy_risk,auc[dest],0.4286203766063987,0.41684920700086575,0.5464318680508471
ES-only[lP=1.5],avg_privacy_risk,auc[dest],0.372087193601521,0.3579351501781031,0.5859322913960117
ES-only[lP=10],avg_privacy_risk,auc[dest],0.18969278003303922,0.17878762173027657,0.6830377594394544
ES-only[lP=2],avg_privacy_risk,auc[dest],0.3500296151326971,0.3358222628383344,0.5939838012732161
ES-only[lP=3],avg_privacy_risk,auc[dest],0.31661584424110767,0.30311757368154246,0.6164420766096464
ES-only[lP=5],avg_privacy_risk,auc[dest],0.2695009057506192,0.25518097331961764,0.6440445218205123
Local-Only,avg_privacy_risk,auc[dest],0.0,0.0,0.48905019882647044
PSO,avg_privacy_risk,auc[dest],0.39516410920290956,0.38193530490284305,0.567105982887638
Random-K[K=3],avg_privacy_risk,auc[dest],0.2592307551973224,0.25601820051411356,0.529190183709259
Static-Tier,avg_privacy_risk,auc[dest],0.1706013671687501,0.16942188943802117,0.493604286121036
q-mixed[q=0.1],avg_privacy_risk,auc[dest],0.3758009076595833,0.36562826832965545,0.5557336811920812
q-mixed[q=0.25],avg_privacy_risk,auc[dest],0.34662390884855954,0.34121841228546473,0.5458750236376934
q-mixed[q=0.5],avg_privacy_risk,auc[dest],0.31317065083000034,0.3032760261954739,0.5355542526823076
q-mixed[q=0.75],avg_privacy_risk,auc[dest],0.2876097284810524,0.2781330756870337,0.5247271945401624
ACO,avg_privacy_risk,auc[dest+timing],0.6968108285805664,0.6908626155161609,0.493531452554868
Cloud-Only,avg_privacy_risk,auc[dest+timing],0.7575249999999999,0.7561950000000001,0.4965343900482684
DQN-ES,avg_privacy_risk,auc[dest+timing],0.35115661833005724,0.3435503396372648,0.5570617723478686
DQN-ES[K=2],avg_privacy_risk,auc[dest+timing],0.2980822150752697,0.2936041929408643,0.5430639038892765
DQN-ES[K=4],avg_privacy_risk,auc[dest+timing],0.3888271585212263,0.3758737586212132,0.5829668356771438
DQN-only,avg_privacy_risk,auc[dest+timing],0.37756388816395065,0.371236954667683,0.48904496602075065
ES-only,avg_privacy_risk,auc[dest+timing],0.39588127297008374,0.38314106804473996,0.610561261771809
ES-only[lP=0.5],avg_privacy_risk,auc[dest+timing],0.4286203766063987,0.41684920700086575,0.5925631729050922
ES-only[lP=1.5],avg_privacy_risk,auc[dest+timing],0.372087193601521,0.3579351501781031,0.6254120997596896
ES-only[lP=10],avg_privacy_risk,auc[dest+timing],0.18969278003303922,0.17878762173027657,0.7081746983249706
ES-only[lP=2],avg_privacy_risk,auc[dest+timing],0.3500296151326971,0.3358222628383344,0.6329048458278388
ES-only[lP=3],avg_privacy_risk,auc[dest+timing],0.31661584424110767,0.30311757368154246,0.6425507702574389
ES-only[lP=5],avg_privacy_risk,auc[dest+timing],0.2695009057506192,0.25518097331961764,0.675195282114724
Local-Only,avg_privacy_risk,auc[dest+timing],0.0,0.0,0.5046399128727648
PSO,avg_privacy_risk,auc[dest+timing],0.39516410920290956,0.38193530490284305,0.5994694140180552
Random-K[K=3],avg_privacy_risk,auc[dest+timing],0.2592307551973224,0.25601820051411356,0.5464725162608823
Static-Tier,avg_privacy_risk,auc[dest+timing],0.1706013671687501,0.16942188943802117,0.48877094093511697
q-mixed[q=0.1],avg_privacy_risk,auc[dest+timing],0.3758009076595833,0.36562826832965545,0.5941604864583925
q-mixed[q=0.25],avg_privacy_risk,auc[dest+timing],0.34662390884855954,0.34121841228546473,0.5832637651453838
q-mixed[q=0.5],avg_privacy_risk,auc[dest+timing],0.31317065083000034,0.3032760261954739,0.5595881012227772
q-mixed[q=0.75],avg_privacy_risk,auc[dest+timing],0.2876097284810524,0.2781330756870337,0.5518699639255197
ACO,avg_privacy_risk,auc[dest+timing+size],0.6968108285805664,0.6908626155161609,0.496914373916184
Cloud-Only,avg_privacy_risk,auc[dest+timing+size],0.7575249999999999,0.7561950000000001,0.4971132475766272
DQN-ES,avg_privacy_risk,auc[dest+timing+size],0.35115661833005724,0.3435503396372648,0.5566134670876269
DQN-ES[K=2],avg_privacy_risk,auc[dest+timing+size],0.2980822150752697,0.2936041929408643,0.5361248771566707
DQN-ES[K=4],avg_privacy_risk,auc[dest+timing+size],0.3888271585212263,0.3758737586212132,0.5840310092618411
DQN-only,avg_privacy_risk,auc[dest+timing+size],0.37756388816395065,0.371236954667683,0.4921225768990416
ES-only,avg_privacy_risk,auc[dest+timing+size],0.39588127297008374,0.38314106804473996,0.6082522687303729
ES-only[lP=0.5],avg_privacy_risk,auc[dest+timing+size],0.4286203766063987,0.41684920700086575,0.5862434183438436
ES-only[lP=1.5],avg_privacy_risk,auc[dest+timing+size],0.372087193601521,0.3579351501781031,0.6268037218859241
ES-only[lP=10],avg_privacy_risk,auc[dest+timing+size],0.18969278003303922,0.17878762173027657,0.7087745077381763
ES-only[lP=2],avg_privacy_risk,auc[dest+timing+size],0.3500296151326971,0.3358222628383344,0.6338661323196473
ES-only[lP=3],avg_privacy_risk,auc[dest+timing+size],0.31661584424110767,0.30311757368154246,0.6405598855053343
ES-only[lP=5],avg_privacy_risk,auc[dest+timing+size],0.2695009057506192,0.25518097331961764,0.6761668216416372
Local-Only,avg_privacy_risk,auc[dest+timing+size],0.0,0.0,0.500981017635531
PSO,avg_privacy_risk,auc[dest+timing+size],0.39516410920290956,0.38193530490284305,0.5956098326708331
Random-K[K=3],avg_privacy_risk,auc[dest+timing+size],0.2592307551973224,0.25601820051411356,0.5458025103815125
Static-Tier,avg_privacy_risk,auc[dest+timing+size],0.1706013671687501,0.16942188943802117,0.48613618633184574
q-mixed[q=0.1],avg_privacy_risk,auc[dest+timing+size],0.3758009076595833,0.36562826832965545,0.5893603299231863
q-mixed[q=0.25],avg_privacy_risk,auc[dest+timing+size],0.34662390884855954,0.34121841228546473,0.578446687022142
q-mixed[q=0.5],avg_privacy_risk,auc[dest+timing+size],0.31317065083000034,0.3032760261954739,0.5587430092277736
q-mixed[q=0.75],avg_privacy_risk,auc[dest+timing+size],0.2876097284810524,0.2781330756870337,0.5551369259837495
ACO,avg_privacy_risk,mi_dest_tier,0.6968108285805664,0.6908626155161609,0.0018254536230089499
Cloud-Only,avg_privacy_risk,mi_dest_tier,0.7575249999999999,0.7561950000000001,0.0
DQN-ES,avg_privacy_risk,mi_dest_tier,0.35115661833005724,0.3435503396372648,0.01498713243715106
DQN-ES[K=2],avg_privacy_risk,mi_dest_tier,0.2980822150752697,0.2936041929408643,0.009684605530835982
DQN-ES[K=4],avg_privacy_risk,mi_dest_tier,0.3888271585212263,0.3758737586212132,0.009319851323906714
DQN-only,avg_privacy_risk,mi_dest_tier,0.37756388816395065,0.371236954667683,0.008174797275822194
ES-only,avg_privacy_risk,mi_dest_tier,0.39588127297008374,0.38314106804473996,0.015435251384604342
ES-only[lP=0.5],avg_privacy_risk,mi_dest_tier,0.4286203766063987,0.41684920700086575,0.008589816126259833
ES-only[lP=1.5],avg_privacy_risk,mi_dest_tier,0.372087193601521,0.3579351501781031,0.021743819637271906
ES-only[lP=10],avg_privacy_risk,mi_dest_tier,0.18969278003303922,0.17878762173027657,0.06875894832740412
ES-only[lP=2],avg_privacy_risk,mi_dest_tier,0.3500296151326971,0.3358222628383344,0.027918908276923143
ES-only[lP=3],avg_privacy_risk,mi_dest_tier,0.31661584424110767,0.30311757368154246,0.04095673205551424
ES-only[lP=5],avg_privacy_risk,mi_dest_tier,0.2695009057506192,0.25518097331961764,0.05435332838657571
Local-Only,avg_privacy_risk,mi_dest_tier,0.0,0.0,0.0
PSO,avg_privacy_risk,mi_dest_tier,0.39516410920290956,0.38193530490284305,0.014933624541916605
Random-K[K=3],avg_privacy_risk,mi_dest_tier,0.2592307551973224,0.25601820051411356,0.008127865904178714
Static-Tier,avg_privacy_risk,mi_dest_tier,0.1706013671687501,0.16942188943802117,0.0010744301903971476
q-mixed[q=0.1],avg_privacy_risk,mi_dest_tier,0.3758009076595833,0.36562826832965545,0.011393535383426436
q-mixed[q=0.25],avg_privacy_risk,mi_dest_tier,0.34662390884855954,0.34121841228546473,0.010071837866037273
q-mixed[q=0.5],avg_privacy_risk,mi_dest_tier,0.31317065083000034,0.3032760261954739,0.007526219027645303
q-mixed[q=0.75],avg_privacy_risk,mi_dest_tier,0.2876097284810524,0.2781330756870337,0.007480822320278875
ACO,avg_privacy_risk_ss,auc[dest],0.7531897308018456,0.7484328163321018,0.5139091295217738
Cloud-Only,avg_privacy_risk_ss,auc[dest],0.75876,0.7553966666666666,0.48905019882647044
DQN-ES,avg_privacy_risk_ss,auc[dest],0.3980409018797724,0.3909396699205941,0.5310677255801827
DQN-ES[K=2],avg_privacy_risk_ss,auc[dest],0.370882902114884,0.36371620365107665,0.5231180089212112
DQN-ES[K=4],avg_privacy_risk_ss,auc[dest],0.4159073195229868,0.40726346570372524,0.5455969011622173
DQN-only,avg_privacy_risk_ss,auc[dest],0.5500604849201285,0.536978820897832,0.48419750773711934
ES-only,avg_privacy_risk_ss,auc[dest],0.42025766656139485,0.41055456532194673,0.5709367026761687
ES-only[lP=0.5],avg_privacy_risk_ss,auc[dest],0.4365503968729281,0.43157086354198176,0.5464318680508471
ES-only[lP=1.5],avg_privacy_risk_ss,auc[dest],0.4064657437361031,0.3939118535182792,0.5859322913960117
ES-only[lP=10],avg_privacy_risk_ss,auc[dest],0.24493563580427452,0.22703185653012362,0.6830377594394544
ES-only[lP=2],avg_privacy_risk_ss,auc[dest],0.392425391088158,0.37891534269729044,0.5939838012732161
ES-only[lP=3],avg_privacy_risk_ss,auc[dest],0.37006786641489264,0.35483712340251106,0.6164420766096464
ES-only[lP=5],avg_privacy_risk_ss,auc[dest],0.33200531627515406,0.3131921696266168,0.6440445218205123
Local-Only,avg_privacy_risk_ss,auc[dest],0.0,0.0,0.48905019882647044
PSO,avg_privacy_risk_ss,auc[dest],0.4187678643688694,0.4091764831970069,0.567105982887638
Random-K[K=3],avg_privacy_risk_ss,auc[dest],0.25519161119579126,0.25211328969358504,0.529190183709259
Static-Tier,avg_privacy_risk_ss,auc[dest],0.17349945629745592,0.16801146464589675,0.493604286121036
q-mixed[q=0.1],avg_privacy_risk_ss,auc[dest],0.39170216760142346,0.3876524309165397,0.5557336811920812
q-mixed[q=0.25],avg_privacy_risk_ss,auc[dest],0.35812264039645614,0.35741474633409165,0.5458750236376934
q-mixed[q=0.5],avg_privacy_risk_ss,auc[dest],0.31609851853628645,0.31144356762308234,0.5355542526823076
q-mixed[q=0.75],avg_privacy_risk_ss,auc[dest],0.2892346210009748,0.2821268481767269,0.5247271945401624
ACO,avg_privacy_risk_ss,auc[dest+timing],0.7531897308018456,0.7484328163321018,0.493531452554868
Cloud-Only,avg_privacy_risk_ss,auc[dest+timing],0.75876,0.7553966666666666,0.4965343900482684
DQN-ES,avg_privacy_risk_ss,auc[dest+timing],0.3980409018797724,0.3909396699205941,0.5570617723478686
DQN-ES[K=2],avg_privacy_risk_ss,auc[dest+timing],0.370882902114884,0.36371620365107665,0.5430639038892765
DQN-ES[K=4],avg_privacy_risk_ss,auc[dest+timing],0.4159073195229868,0.40726346570372524,0.5829668356771438
DQN-only,avg_privacy_risk_ss,auc[dest+timing],0.5500604849201285,0.536978820897832,0.48904496602075065
ES-only,avg_privacy_risk_ss,auc[dest+timing],0.42025766656139485,0.41055456532194673,0.610561261771809
ES-only[lP=0.5],avg_privacy_risk_ss,auc[dest+timing],0.4365503968729281,0.43157086354198176,0.5925631729050922
ES-only[lP=1.5],avg_privacy_risk_ss,auc[dest+timing],0.4064657437361031,0.3939118535182792,0.6254120997596896
ES-only[lP=10],avg_privacy_risk_ss,auc[dest+timing],0.24493563580427452,0.22703185653012362,0.7081746983249706
ES-only[lP=2],avg_privacy_risk_ss,auc[dest+timing],0.392425391088158,0.37891534269729044,0.6329048458278388
ES-only[lP=3],avg_privacy_risk_ss,auc[dest+timing],0.37006786641489264,0.35483712340251106,0.6425507702574389
ES-only[lP=5],avg_privacy_risk_ss,auc[dest+timing],0.33200531627515406,0.3131921696266168,0.675195282114724
Local-Only,avg_privacy_risk_ss,auc[dest+timing],0.0,0.0,0.5046399128727648
PSO,avg_privacy_risk_ss,auc[dest+timing],0.4187678643688694,0.4091764831970069,0.5994694140180552
Random-K[K=3],avg_privacy_risk_ss,auc[dest+timing],0.25519161119579126,0.25211328969358504,0.5464725162608823
Static-Tier,avg_privacy_risk_ss,auc[dest+timing],0.17349945629745592,0.16801146464589675,0.48877094093511697
q-mixed[q=0.1],avg_privacy_risk_ss,auc[dest+timing],0.39170216760142346,0.3876524309165397,0.5941604864583925
q-mixed[q=0.25],avg_privacy_risk_ss,auc[dest+timing],0.35812264039645614,0.35741474633409165,0.5832637651453838
q-mixed[q=0.5],avg_privacy_risk_ss,auc[dest+timing],0.31609851853628645,0.31144356762308234,0.5595881012227772
q-mixed[q=0.75],avg_privacy_risk_ss,auc[dest+timing],0.2892346210009748,0.2821268481767269,0.5518699639255197
ACO,avg_privacy_risk_ss,auc[dest+timing+size],0.7531897308018456,0.7484328163321018,0.496914373916184
Cloud-Only,avg_privacy_risk_ss,auc[dest+timing+size],0.75876,0.7553966666666666,0.4971132475766272
DQN-ES,avg_privacy_risk_ss,auc[dest+timing+size],0.3980409018797724,0.3909396699205941,0.5566134670876269
DQN-ES[K=2],avg_privacy_risk_ss,auc[dest+timing+size],0.370882902114884,0.36371620365107665,0.5361248771566707
DQN-ES[K=4],avg_privacy_risk_ss,auc[dest+timing+size],0.4159073195229868,0.40726346570372524,0.5840310092618411
DQN-only,avg_privacy_risk_ss,auc[dest+timing+size],0.5500604849201285,0.536978820897832,0.4921225768990416
ES-only,avg_privacy_risk_ss,auc[dest+timing+size],0.42025766656139485,0.41055456532194673,0.6082522687303729
ES-only[lP=0.5],avg_privacy_risk_ss,auc[dest+timing+size],0.4365503968729281,0.43157086354198176,0.5862434183438436
ES-only[lP=1.5],avg_privacy_risk_ss,auc[dest+timing+size],0.4064657437361031,0.3939118535182792,0.6268037218859241
ES-only[lP=10],avg_privacy_risk_ss,auc[dest+timing+size],0.24493563580427452,0.22703185653012362,0.7087745077381763
ES-only[lP=2],avg_privacy_risk_ss,auc[dest+timing+size],0.392425391088158,0.37891534269729044,0.6338661323196473
ES-only[lP=3],avg_privacy_risk_ss,auc[dest+timing+size],0.37006786641489264,0.35483712340251106,0.6405598855053343
ES-only[lP=5],avg_privacy_risk_ss,auc[dest+timing+size],0.33200531627515406,0.3131921696266168,0.6761668216416372
Local-Only,avg_privacy_risk_ss,auc[dest+timing+size],0.0,0.0,0.500981017635531
PSO,avg_privacy_risk_ss,auc[dest+timing+size],0.4187678643688694,0.4091764831970069,0.5956098326708331
Random-K[K=3],avg_privacy_risk_ss,auc[dest+timing+size],0.25519161119579126,0.25211328969358504,0.5458025103815125
Static-Tier,avg_privacy_risk_ss,auc[dest+timing+size],0.17349945629745592,0.16801146464589675,0.48613618633184574
q-mixed[q=0.1],avg_privacy_risk_ss,auc[dest+timing+size],0.39170216760142346,0.3876524309165397,0.5893603299231863
q-mixed[q=0.25],avg_privacy_risk_ss,auc[dest+timing+size],0.35812264039645614,0.35741474633409165,0.578446687022142
q-mixed[q=0.5],avg_privacy_risk_ss,auc[dest+timing+size],0.31609851853628645,0.31144356762308234,0.5587430092277736
q-mixed[q=0.75],avg_privacy_risk_ss,auc[dest+timing+size],0.2892346210009748,0.2821268481767269,0.5551369259837495
ACO,avg_privacy_risk_ss,mi_dest_tier,0.7531897308018456,0.7484328163321018,0.0018254536230089499
Cloud-Only,avg_privacy_risk_ss,mi_dest_tier,0.75876,0.7553966666666666,0.0
DQN-ES,avg_privacy_risk_ss,mi_dest_tier,0.3980409018797724,0.3909396699205941,0.01498713243715106
DQN-ES[K=2],avg_privacy_risk_ss,mi_dest_tier,0.370882902114884,0.36371620365107665,0.009684605530835982
DQN-ES[K=4],avg_privacy_risk_ss,mi_dest_tier,0.4159073195229868,0.40726346570372524,0.009319851323906714
DQN-only,avg_privacy_risk_ss,mi_dest_tier,0.5500604849201285,0.536978820897832,0.008174797275822194
ES-only,avg_privacy_risk_ss,mi_dest_tier,0.42025766656139485,0.41055456532194673,0.015435251384604342
ES-only[lP=0.5],avg_privacy_risk_ss,mi_dest_tier,0.4365503968729281,0.43157086354198176,0.008589816126259833
ES-only[lP=1.5],avg_privacy_risk_ss,mi_dest_tier,0.4064657437361031,0.3939118535182792,0.021743819637271906
ES-only[lP=10],avg_privacy_risk_ss,mi_dest_tier,0.24493563580427452,0.22703185653012362,0.06875894832740412
ES-only[lP=2],avg_privacy_risk_ss,mi_dest_tier,0.392425391088158,0.37891534269729044,0.027918908276923143
ES-only[lP=3],avg_privacy_risk_ss,mi_dest_tier,0.37006786641489264,0.35483712340251106,0.04095673205551424
ES-only[lP=5],avg_privacy_risk_ss,mi_dest_tier,0.33200531627515406,0.3131921696266168,0.05435332838657571
Local-Only,avg_privacy_risk_ss,mi_dest_tier,0.0,0.0,0.0
PSO,avg_privacy_risk_ss,mi_dest_tier,0.4187678643688694,0.4091764831970069,0.014933624541916605
Random-K[K=3],avg_privacy_risk_ss,mi_dest_tier,0.25519161119579126,0.25211328969358504,0.008127865904178714
Static-Tier,avg_privacy_risk_ss,mi_dest_tier,0.17349945629745592,0.16801146464589675,0.0010744301903971476
q-mixed[q=0.1],avg_privacy_risk_ss,mi_dest_tier,0.39170216760142346,0.3876524309165397,0.011393535383426436
q-mixed[q=0.25],avg_privacy_risk_ss,mi_dest_tier,0.35812264039645614,0.35741474633409165,0.010071837866037273
q-mixed[q=0.5],avg_privacy_risk_ss,mi_dest_tier,0.31609851853628645,0.31144356762308234,0.007526219027645303
q-mixed[q=0.75],avg_privacy_risk_ss,mi_dest_tier,0.2892346210009748,0.2821268481767269,0.007480822320278875
