family,metric,reference,comparator,status,n_pairs,mean_ref,mean_cmp,hl_diff,ci_lo,ci_hi,w_plus,n_nonzero,p_exact,family_size,p_holm,reject_holm,rank_biserial_r,label
exploratory_dominance,avg_latency_ms,DQN-ES,Static-Tier,tested,30,77.517143913728,141.63618815719275,-64.48851457148913,-66.4935096285451,-62.10829229840226,0.0,30,1.862645149230957e-09,35,6.51925802230835e-08,True,-1.0,exploratory (not declared); Holm over this table only
exploratory_dominance,avg_energy_mj,DQN-ES,Static-Tier,tested,30,8.10886264761327,6.237934629258036,1.6858143016923823,1.3538817415862274,2.1855184501378426,465.0,30,1.862645149230957e-09,35,6.51925802230835e-08,True,1.0,exploratory (not declared); Holm over this table only
exploratory_dominance,avg_privacy_risk,DQN-ES,Static-Tier,tested,30,0.3435503396372648,0.16942188943802117,0.17547727075942215,0.16525973907805036,0.18241285410603844,465.0,30,1.862645149230957e-09,35,6.51925802230835e-08,True,1.0,exploratory (not declared); Holm over this table only
exploratory_dominance,avg_privacy_risk_ss,DQN-ES,Static-Tier,tested,30,0.3909396699205941,0.16801146464589675,0.2227895325482841,0.21475974478232854,0.2327376522841172,465.0,30,1.862645149230957e-09,35,6.51925802230835e-08,True,1.0,exploratory (not declared); Holm over this table only
exploratory_dominance,sla_violation_pct,DQN-ES,Static-Tier,tested,30,0.7200000000000002,0.07666666666666667,0.7,0.5,0.8,375.5,27,5.960464477539063e-08,35,1.3113021850585938e-06,True,0.9867724867724867,exploratory (not declared); Holm over this table only
exploratory_dominance,avg_latency_ms,DQN-ES,ES-only[lP=1.5],tested,30,77.517143913728,70.14598107182408,6.557730526401514,4.957606802859949,8.925611714850476,465.0,30,1.862645149230957e-09,35,6.51925802230835e-08,True,1.0,exploratory (not declared); Holm over this table only
exploratory_dominance,avg_energy_mj,DQN-ES,ES-only[lP=1.5],tested,30,8.10886264761327,6.520395178989107,1.4075803963451583,1.1352629450351572,1.7723981176616106,465.0,30,1.862645149230957e-09,35,6.51925802230835e-08,True,1.0,exploratory (not declared); Holm over this table only
exploratory_dominance,avg_privacy_risk,DQN-ES,ES-only[lP=1.5],tested,30,0.3435503396372648,0.3579351501781031,-0.013135053175549083,-0.022604509516906568,-0.005864903085386813,96.0,30,0.004031794145703316,35,0.04434973560273647,True,-0.5870967741935483,exploratory (not declared); Holm over this table only
exploratory_dominance,avg_privacy_risk_ss,DQN-ES,ES-only[lP=1.5],tested,30,0.3909396699205941,0.3939118535182792,-0.0035149754557449175,-0.013865353675866693,0.005899314587194837,200.0,30,0.5158484429121017,35,1.0,False,-0.13978494623655913,exploratory (not declared); Holm over this table only
exploratory_dominance,sla_violation_pct,DQN-ES,ES-only[lP=1.5],tested,30,0.7200000000000002,0.2966666666666667,0.4,0.29999999999999993,0.55,322.0,25,2.384185791015625e-07,35,4.76837158203125e-06,True,0.9815384615384616,exploratory (not declared); Holm over this table only
exploratory_dominance,avg_latency_ms,DQN-ES,ES-only[lP=2],tested,30,77.517143913728,71.77690860972652,5.389623256874728,3.6173131168869688,7.6694352415509215,434.0,30,4.421919584274292e-06,35,6.632879376411438e-05,True,0.8666666666666667,exploratory (not declared); Holm over this table only
exploratory_dominance,avg_energy_mj,DQN-ES,ES-only[lP=2],tested,30,8.10886264761327,6.816761026655726,1.194796665729878,0.8569490671728967,1.5944233810785475,448.0,30,3.855675458908081e-07,35,7.325783371925354e-06,True,0.9268817204301075,exploratory (not declared); Holm over this table only
exploratory_dominance,avg_privacy_risk,DQN-ES,ES-only[lP=2],tested,30,0.3435503396372648,0.3358222628383344,0.006270475848320439,-0.004460760047209328,0.01888358958086178,290.0,30,0.24494642950594425,35,1.0,False,0.24731182795698925,exploratory (not declared); Holm over this table only
exploratory_dominance,avg_privacy_risk_ss,DQN-ES,ES-only[lP=2],tested,30,0.3909396699205941,0.37891534269729044,0.011631376079824618,0.00014204680624677057,0.022072575099704617,324.0,30,0.06056523136794567,35,0.545087082311511,False,0.3935483870967742,exploratory (not declared); Holm over this table only
exploratory_dominance,sla_violation_pct,DQN-ES,ES-only[lP=2],tested,30,0.7200000000000002,0.41,0.30000000000000004,0.15,0.5,343.5,28,0.0008009299635887146,35,0.009611159563064575,True,0.6921182266009852,exploratory (not declared); Holm over this table only
exploratory_dominance,avg_latency_ms,DQN-ES,ES-only[lP=3],tested,30,77.517143913728,75.58710800518274,1.9297222596755788,-0.2203207639458853,4.147781991796676,317.0,30,0.08406547829508781,35,0.6725238263607025,False,0.3634408602150538,exploratory (not declared); Holm over this table only
exploratory_dominance,avg_energy_mj,DQN-ES,ES-only[lP=3],tested,30,8.10886264761327,7.519693182709017,0.5413247578849125,0.1422635791823872,0.9344366977921981,349.0,30,0.015460003167390823,35,0.15460003167390823,False,0.5010752688172043,exploratory (not declared); Holm over this table only
exploratory_dominance,avg_privacy_risk,DQN-ES,ES-only[lP=3],tested,30,0.3435503396372648,0.30311757368154246,0.03936949130397982,0.02880041079129647,0.05327893761792041,448.0,30,3.855675458908081e-07,35,7.325783371925354e-06,True,0.9268817204301075,exploratory (not declared); Holm over this table only
exploratory_dominance,avg_privacy_risk_ss,DQN-ES,ES-only[lP=3],tested,30,0.3909396699205941,0.35483712340251106,0.03439599489450973,0.021296036111259825,0.04876447922333902,426.0,30,1.3966113328933716e-05,35,0.0001815594732761383,True,0.832258064516129,exploratory (not declared); Holm over this table only
exploratory_dominance,sla_violation_pct,DQN-ES,ES-only[lP=3],tested,30,0.7200000000000002,0.7366666666666667,2.7755575615628914e-17,-0.19999999999999996,0.24999999999999994,207.5,28,0.9240790605545044,35,1.0,False,0.022167487684729065,exploratory (not declared); Holm over this table only
exploratory_dominance,avg_latency_ms,DQN-ES,q-mixed[q=0.25],tested,30,77.517143913728,77.37195032822697,-0.22288019640156875,-1.4347098998771344,1.099659886996136,219.0,30,0.7921590935438871,35,1.0,False,-0.05806451612903226,exploratory (not declared); Holm over this table only
exploratory_dominance,avg_energy_mj,DQN-ES,q-mixed[q=0.25],tested,30,8.10886264761327,8.037208355089007,-0.04523440066793505,-0.3203272899909382,0.17444964507976435,220.0,30,0.8078304156661034,35,1.0,False,-0.053763440860215055,exploratory (not declared); Holm over this table only
exploratory_dominance,avg_privacy_risk,DQN-ES,q-mixed[q=0.25],tested,30,0.3435503396372648,0.34121841228546473,0.004336167077254732,-0.0043749522189338585,0.009925028420779247,271.0,30,0.4399667661637068,35,1.0,False,0.16559139784946236,exploratory (not declared); Holm over this table only
exploratory_dominance,avg_privacy_risk_ss,DQN-ES,q-mixed[q=0.25],tested,30,0.3909396699205941,0.35741474633409165,0.03255437933387792,0.023535641359681864,0.04092609218030324,463.0,30,5.587935447692871e-09,35,1.2852251529693604e-07,True,0.9913978494623656,exploratory (not declared); Holm over this table only
exploratory_dominance,sla_violation_pct,DQN-ES,q-mixed[q=0.25],tested,30,0.7200000000000002,0.8166666666666668,-0.09999999999999987,-0.2,1.1102230246251565e-16,86.5,23,0.1196146011352539,35,0.8373022079467773,False,-0.37318840579710144,exploratory (not declared); Holm over this table only
exploratory_dominance,avg_latency_ms,DQN-ES,q-mixed[q=0.5],tested,30,77.517143913728,85.31328072612781,-7.652452850650164,-10.069750142368093,-5.658198727774618,27.0,30,2.348795533180237e-06,35,3.9929524064064026e-05,True,-0.8838709677419355,exploratory (not declared); Holm over this table only
exploratory_dominance,avg_energy_mj,DQN-ES,q-mixed[q=0.5],tested,30,8.10886264761327,9.633697475285773,-1.556532739963509,-1.9969209225729365,-1.1869233839128546,31.0,30,4.421919584274292e-06,35,6.632879376411438e-05,True,-0.8666666666666667,exploratory (not declared); Holm over this table only
exploratory_dominance,avg_privacy_risk,DQN-ES,q-mixed[q=0.5],tested,30,0.3435503396372648,0.3032760261954739,0.040111824837103016,0.03413197044770707,0.04666964948073499,464.0,30,3.725290298461914e-09,35,9.685754776000977e-08,True,0.9956989247311828,exploratory (not declared); Holm over this table only
exploratory_dominance,avg_privacy_risk_ss,DQN-ES,q-mixed[q=0.5],tested,30,0.3909396699205941,0.31144356762308234,0.07950509145711873,0.07191304851731398,0.08687118932353224,465.0,30,1.862645149230957e-09,35,6.51925802230835e-08,True,1.0,exploratory (not declared); Holm over this table only
exploratory_dominance,sla_violation_pct,DQN-ES,q-mixed[q=0.5],tested,30,0.7200000000000002,1.4266666666666665,-0.75,-0.95,-0.5,11.0,25,3.2186508178710938e-06,35,5.14984130859375e-05,True,-0.9323076923076923,exploratory (not declared); Holm over this table only
exploratory_dominance,avg_latency_ms,DQN-ES,Random-K[K=3],tested,30,77.517143913728,101.94008787188365,-21.84958813704079,-26.76510080566389,-17.648550546914514,1.0,30,3.725290298461914e-09,35,9.685754776000977e-08,True,-0.9956989247311828,exploratory (not declared); Holm over this table only
exploratory_dominance,avg_energy_mj,DQN-ES,Random-K[K=3],tested,30,8.10886264761327,13.018631696666448,-4.511195158527767,-5.406256954341715,-3.7802099266491553,1.0,30,3.725290298461914e-09,35,9.685754776000977e-08,True,-0.9956989247311828,exploratory (not declared); Holm over this table only
exploratory_dominance,avg_privacy_risk,DQN-ES,Random-K[K=3],tested,30,0.3435503396372648,0.25601820051411356,0.08713203583004656,0.08132389096530893,0.09361400136849049,465.0,30,1.862645149230957e-09,35,6.51925802230835e-08,True,1.0,exploratory (not declared); Holm over this table only
exploratory_dominance,avg_privacy_risk_ss,DQN-ES,Random-K[K=3],tested,30,0.3909396699205941,0.25211328969358504,0.13780870816209578,0.1297090171262904,0.14642815327215544,465.0,30,1.862645149230957e-09,35,6.51925802230835e-08,True,1.0,exploratory (not declared); Holm over this table only
exploratory_dominance,sla_violation_pct,DQN-ES,Random-K[K=3],tested,30,0.7200000000000002,2.6866666666666665,-2.15,-2.4,-1.6,1.0,26,5.960464477539063e-08,35,1.3113021850585938e-06,True,-0.9943019943019943,exploratory (not declared); Holm over this table only
