condition,scale,a,b,metric,n_pairs,mean_a,mean_a_ci_lo,mean_a_ci_hi,mean_b,mean_b_ci_lo,mean_b_ci_hi,hl_diff_a_minus_b,ci_lo,ci_hi,p_exact,identical,label
main N=1000 (declared),1000,DQN-ES[K=1],DQN-ES[K=2],avg_latency_ms,30,501.615583258355,409.40550658368943,595.1865878478902,147.40619370003168,132.27250238292757,162.4838436259772,355.5401920524073,264.00577249717867,443.40915195622034,1.862645149230957e-09,False,exploratory (not declared; no multiplicity correction)
main N=1000 (declared),1000,DQN-ES[K=1],DQN-ES[K=2],avg_energy_mj,30,301.03555270250376,248.41831949285358,351.85350472121996,106.48506437999465,93.31961360600265,120.06219868961931,193.32052882683092,149.7084824818379,240.8727866971657,1.862645149230957e-09,False,exploratory (not declared; no multiplicity correction)
main N=1000 (declared),1000,DQN-ES[K=1],DQN-ES[K=2],avg_privacy_risk,30,0.3552840066174406,0.3417875030822511,0.36821309392872936,0.29117273617433675,0.28307248055316503,0.29947613555475916,0.06496526000049463,0.0526249711905811,0.07852736827237386,1.862645149230957e-09,False,exploratory (not declared; no multiplicity correction)
main N=1000 (declared),1000,DQN-ES[K=1],DQN-ES[K=2],avg_privacy_risk_ss,30,0.5078523561072932,0.48541073793338074,0.5279778357480566,0.3650596028911626,0.35200094678922017,0.37998463027610696,0.14577071343663137,0.11914146085201738,0.17166283138283464,1.862645149230957e-09,False,exploratory (not declared; no multiplicity correction)
main N=1000 (declared),1000,DQN-ES[K=1],DQN-ES[K=2],sla_violation_pct,30,7.156666666666667,6.39,7.92,2.526666666666667,2.2800000000000002,2.8066666666666666,4.6499999999999995,3.8499999999999996,5.35,1.862645149230957e-09,False,exploratory (not declared; no multiplicity correction)
main N=1000 (declared),1000,DQN-ES[K=2],DQN-ES[K=3],avg_latency_ms,30,147.40619370003168,132.4862217671011,162.8527210494693,89.29508650283643,85.20369146450821,93.70922252175937,57.257074591167665,41.14187916982283,71.45470710944043,1.862645149230957e-09,False,exploratory (not declared; no multiplicity correction)
main N=1000 (declared),1000,DQN-ES[K=2],DQN-ES[K=3],avg_energy_mj,30,106.48506437999465,93.40484838413425,120.26393990051479,52.2369645782874,48.46786001932874,56.326271216775666,53.55304254486286,40.24303366511587,67.27983399546659,1.862645149230957e-09,False,exploratory (not declared; no multiplicity correction)
main N=1000 (declared),1000,DQN-ES[K=2],DQN-ES[K=3],avg_privacy_risk,30,0.29117273617433675,0.28332208560862643,0.2995144320538706,0.3326229109270396,0.32440503646611335,0.3407562812142321,-0.03952837761027089,-0.052048885323587785,-0.030376772295399673,8.009374141693115e-08,False,exploratory (not declared; no multiplicity correction)
main N=1000 (declared),1000,DQN-ES[K=2],DQN-ES[K=3],avg_privacy_risk_ss,30,0.3650596028911626,0.3521628920554554,0.3800449808835932,0.38557598599656406,0.37808384552528607,0.3937522033380726,-0.021846539549479266,-0.03415567268508388,-0.008532200364316428,0.0027663204818964005,False,exploratory (not declared; no multiplicity correction)
main N=1000 (declared),1000,DQN-ES[K=2],DQN-ES[K=3],sla_violation_pct,30,2.526666666666667,2.2766666666666664,2.796666666666667,1.11,0.9199999999999999,1.3333333333333333,1.4,1.2,1.65,1.862645149230957e-09,False,exploratory (not declared; no multiplicity correction)
main N=1000 (declared),1000,DQN-ES[K=3],DQN-ES[K=4],avg_latency_ms,30,89.29508650283643,85.1845833653532,93.6644904729047,76.19835675167015,74.23080232935487,78.18809915653536,12.007213435759631,8.249552880460115,16.55447346316751,1.862645149230957e-09,False,exploratory (not declared; no multiplicity correction)
main N=1000 (declared),1000,DQN-ES[K=3],DQN-ES[K=4],avg_energy_mj,30,52.2369645782874,48.43163500853151,56.25491149829612,39.21637615498557,37.54774875380638,40.91059328475996,12.07110909024259,8.660766780004824,16.17090612609654,1.862645149230957e-09,False,exploratory (not declared; no multiplicity correction)
main N=1000 (declared),1000,DQN-ES[K=3],DQN-ES[K=4],avg_privacy_risk,30,0.3326229109270396,0.32438317569622355,0.3406574236832162,0.366807633185954,0.3556359742335138,0.3776134931395223,-0.02998478698906573,-0.04378299462582749,-0.02216584246355155,1.30385160446167e-08,False,exploratory (not declared; no multiplicity correction)
main N=1000 (declared),1000,DQN-ES[K=3],DQN-ES[K=4],avg_privacy_risk_ss,30,0.38557598599656406,0.37795780846685206,0.39361864963676385,0.4055054411903942,0.39662035781868654,0.4134185116006203,-0.020483620393531132,-0.028324094856756937,-0.012704474553029019,3.453157842159271e-05,False,exploratory (not declared; no multiplicity correction)
main N=1000 (declared),1000,DQN-ES[K=3],DQN-ES[K=4],sla_violation_pct,30,1.11,0.9199999999999999,1.3333333333333333,0.47333333333333333,0.2966666666666667,0.6800833333333322,0.65,0.5,0.75,4.284083843231201e-08,False,exploratory (not declared; no multiplicity correction)
main N=1000 (declared),1000,DQN-ES[K=4],DQN-ES[K=5],avg_latency_ms,30,76.19835675167015,74.2595399691276,78.1291295647685,74.24333037345374,72.35792423329501,76.24453125243532,1.8056482142148198,1.2494508263574602,2.651625549735037,5.5925920605659485e-05,False,exploratory (not declared; no multiplicity correction)
main N=1000 (declared),1000,DQN-ES[K=4],DQN-ES[K=5],avg_energy_mj,30,39.21637615498557,37.604390825409276,40.90323437807779,36.753801836022504,35.14052366449057,38.52949997896898,2.3826866724127775,1.693902118816144,3.088386571234313,1.991167664527893e-06,False,exploratory (not declared; no multiplicity correction)
main N=1000 (declared),1000,DQN-ES[K=4],DQN-ES[K=5],avg_privacy_risk,30,0.366807633185954,0.3556032906601181,0.37738974786180796,0.3724683535760158,0.3603753985576451,0.3845213462244388,-0.005393228441399889,-0.008393380582106758,-0.0021761628228569863,0.0032229889184236526,False,exploratory (not declared; no multiplicity correction)
main N=1000 (declared),1000,DQN-ES[K=4],DQN-ES[K=5],avg_privacy_risk_ss,30,0.4055054411903942,0.39668638064002343,0.41332260269411997,0.4073713386427086,0.3974528449606297,0.4166502382153654,-0.0037250538525337995,-0.0056626877601580194,-0.0004655194525108597,0.03272089920938015,False,exploratory (not declared; no multiplicity correction)
main N=1000 (declared),1000,DQN-ES[K=4],DQN-ES[K=5],sla_violation_pct,30,0.47333333333333333,0.2933333333333333,0.6734166666666656,0.48333333333333334,0.27666666666666667,0.7200000000000001,0.0,-0.05000000000000002,0.05000000000000002,0.9655790328979492,False,exploratory (not declared; no multiplicity correction)
MIT-BIH trace,trace,DQN-ES[K=1],DQN-ES[K=2],avg_latency_ms,30,570.4290649841381,522.6530203994106,617.2493304940798,411.4541325433025,382.41735201345335,444.1326571237908,158.91885766364575,122.67985260108773,191.86627189084948,1.862645149230957e-09,False,exploratory (not declared; no multiplicity correction)
MIT-BIH trace,trace,DQN-ES[K=1],DQN-ES[K=2],avg_energy_mj,30,431.0003433531223,387.41210435607127,474.07597277876135,275.807071958902,255.03028914101955,299.21838360819595,159.4137575442116,124.94159381321408,182.2196717344976,3.725290298461914e-09,False,exploratory (not declared; no multiplicity correction)
MIT-BIH trace,trace,DQN-ES[K=1],DQN-ES[K=2],avg_privacy_risk,30,0.4620130652542319,0.44831596311407007,0.47550622289016176,0.5256010228475883,0.5087677686582159,0.5429011040026859,-0.06808157992531941,-0.08611485727960072,-0.049813571276644875,4.421919584274292e-06,False,exploratory (not declared; no multiplicity correction)
MIT-BIH trace,trace,DQN-ES[K=1],DQN-ES[K=2],avg_privacy_risk_ss,30,0.479160776058784,0.46489658535940226,0.4930486186313917,0.5403326843984028,0.5228367533101953,0.5578678248011939,-0.06621510233565653,-0.08418010968115167,-0.04484912642407721,1.597777009010315e-05,False,exploratory (not declared; no multiplicity correction)
MIT-BIH trace,trace,DQN-ES[K=1],DQN-ES[K=2],sla_violation_pct,30,11.165123456790127,9.738358410493825,12.717640817901232,9.170524691358024,7.327517361111111,11.850819830246913,2.7141203703703702,1.4004629629629628,4.230324074074074,0.001213807612657547,False,exploratory (not declared; no multiplicity correction)
MIT-BIH trace,trace,DQN-ES[K=2],DQN-ES[K=3],avg_latency_ms,30,411.4541325433025,382.949450795388,444.50162054668687,366.5595876893058,345.84494932124306,389.25779808557473,40.84617265515871,5.2331717814805225,80.0199592518895,0.034536734223365784,False,exploratory (not declared; no multiplicity correction)
MIT-BIH trace,trace,DQN-ES[K=2],DQN-ES[K=3],avg_energy_mj,30,275.807071958902,254.68732466296717,298.79803376262237,208.7494345556086,204.7840562970997,212.88296620555283,60.15430150327545,37.30836260792718,81.86044927328363,1.862645149230957e-09,False,exploratory (not declared; no multiplicity correction)
MIT-BIH trace,trace,DQN-ES[K=2],DQN-ES[K=3],avg_privacy_risk,30,0.5256010228475883,0.5090161110232776,0.5426995343866802,0.5094493741493297,0.49386278764692837,0.5249647345087359,0.014562051624684186,-0.0075520198866070865,0.03334064386918201,0.140283040702343,False,exploratory (not declared; no multiplicity correction)
MIT-BIH trace,trace,DQN-ES[K=2],DQN-ES[K=3],avg_privacy_risk_ss,30,0.5403326843984028,0.5228628480281136,0.5589512768509155,0.5182205116220238,0.5023736100573113,0.5334987447584545,0.019958648891999498,-0.00200338872165301,0.03988266172838095,0.07324407435953617,False,exploratory (not declared; no multiplicity correction)
MIT-BIH trace,trace,DQN-ES[K=2],DQN-ES[K=3],sla_violation_pct,30,9.170524691358024,7.278530092592592,11.833564814814812,10.792824074074074,6.854484953703704,15.523533950617287,1.0879629629629632,-4.398148148148149,2.92346643518517,0.42795460671186447,False,exploratory (not declared; no multiplicity correction)
MIT-BIH trace,trace,DQN-ES[K=3],DQN-ES[K=4],avg_latency_ms,30,366.5595876893058,346.6528604575138,389.805647297954,384.2017268768179,360.2384663503458,409.9577245860849,-8.947326697314821,-35.16338628717676,10.63176058375035,0.39305018074810505,False,exploratory (not declared; no multiplicity correction)
MIT-BIH trace,trace,DQN-ES[K=3],DQN-ES[K=4],avg_energy_mj,30,208.7494345556086,204.74078373090006,212.8332705646278,199.70194122485066,195.48609948516275,204.2099152380957,8.596848130263623,3.3669904139910756,14.421898785338795,0.0032229889184236526,False,exploratory (not declared; no multiplicity correction)
MIT-BIH trace,trace,DQN-ES[K=3],DQN-ES[K=4],avg_privacy_risk,30,0.5094493741493297,0.49378095145655726,0.5246859467939073,0.5045270983805508,0.484016863747157,0.5233101758580617,0.004676585756180324,-0.008973645891141135,0.019048505381633468,0.5291051845997572,False,exploratory (not declared; no multiplicity correction)
MIT-BIH trace,trace,DQN-ES[K=3],DQN-ES[K=4],avg_privacy_risk_ss,30,0.5182205116220238,0.501927194557667,0.5338362845779214,0.5097451786694034,0.4894511869002687,0.5282206491651192,0.007699861489137871,-0.0056366413821741235,0.021902951142922067,0.28008678182959557,False,exploratory (not declared; no multiplicity correction)
MIT-BIH trace,trace,DQN-ES[K=3],DQN-ES[K=4],sla_violation_pct,30,10.792824074074074,6.755391589506173,15.604648919753084,17.00617283950617,11.590596064814815,22.70895061728395,-3.987268518518518,-10.347222222222221,-0.063657407407407,0.049710121005773544,False,exploratory (not declared; no multiplicity correction)
MIT-BIH trace,trace,DQN-ES[K=4],DQN-ES[K=5],avg_latency_ms,30,384.2017268768179,359.7918393653293,410.53081686281575,516.093038198408,506.4560718698775,523.7160471934211,-129.5806819317921,-176.54918495492902,-101.50248383947485,3.5390257835388184e-08,False,exploratory (not declared; no multiplicity correction)
MIT-BIH trace,trace,DQN-ES[K=4],DQN-ES[K=5],avg_energy_mj,30,199.70194122485066,195.41885317503528,204.06219661429964,212.260275976843,210.50884716873836,214.37428759100953,-12.608077900448208,-15.868179843204345,-9.232380581455274,8.009374141693115e-08,False,exploratory (not declared; no multiplicity correction)
MIT-BIH trace,trace,DQN-ES[K=4],DQN-ES[K=5],avg_privacy_risk,30,0.5045270983805508,0.48465203701183596,0.52321802248959,0.48509265967694376,0.4685692000906184,0.49961309297042555,0.019537177426298236,0.009400822658682556,0.026357995464317996,2.7623027563095093e-06,False,exploratory (not declared; no multiplicity correction)
MIT-BIH trace,trace,DQN-ES[K=4],DQN-ES[K=5],avg_privacy_risk_ss,30,0.5097451786694034,0.48977268268934443,0.5282835773446477,0.48915310410952834,0.47259135436853017,0.5034046363421358,0.02033808769161949,0.009840333942726348,0.02870646867667981,2.348795533180237e-06,False,exploratory (not declared; no multiplicity correction)
MIT-BIH trace,trace,DQN-ES[K=4],DQN-ES[K=5],sla_violation_pct,30,17.00617283950617,11.748051697530867,22.567679398148147,43.931712962962955,42.72065972222223,44.74266975308641,-27.077546296296298,-36.186342592592595,-21.018518518518515,3.5390257835388184e-08,False,exploratory (not declared; no multiplicity correction)
