run,task_quintile,node_fraction_10,node_fraction_11,node_fraction_12,node_fraction_13,node_fraction_14
0,1,0.4450,0.1100,0.1250,0.2000,0.1200
0,2,0.8250,0.0650,0.0300,0.0500,0.0300
0,3,0.9750,0.0000,0.0150,0.0050,0.0050
0,4,0.9600,0.0050,0.0000,0.0300,0.0050
0,5,0.9550,0.0050,0.0100,0.0100,0.0200
1,1,0.1200,0.1800,0.2050,0.1650,0.3300
1,2,0.0300,0.0550,0.0700,0.0600,0.7850
1,3,0.0050,0.0250,0.0250,0.0150,0.9300
1,4,0.0050,0.0000,0.0100,0.0200,0.9650
1,5,0.0450,0.0150,0.0000,0.0100,0.9300
3,1,0.1700,0.1250,0.1350,0.1050,0.4650
3,2,0.1200,0.0500,0.0650,0.0300,0.7350
3,3,0.7900,0.0100,0.0050,0.0150,0.1800
3,4,0.9600,0.0100,0.0050,0.0200,0.0050
3,5,0.9800,0.0100,0.0050,0.0000,0.0050
2,1,0.1150,0.1850,0.1000,0.1250,0.4750
2,2,0.0750,0.0550,0.0400,0.0650,0.7650
2,3,0.0100,0.0350,0.0200,0.0050,0.9300
2,4,0.0550,0.0100,0.0150,0.0050,0.9150
2,5,0.2250,0.0150,0.0050,0.0100,0.7450
4,1,0.1250,0.1250,0.1700,0.1500,0.4300
4,2,0.0950,0.0400,0.0400,0.0400,0.7850
4,3,0.0450,0.0200,0.0150,0.0200,0.9000
4,4,0.0050,0.0200,0.0100,0.0000,0.9650
4,5,0.0150,0.0150,0.0050,0.0200,0.9450
5,1,0.2200,0.2900,0.1350,0.1300,0.2250
5,2,0.4000,0.0550,0.0650,0.0450,0.4350
5,3,0.8000,0.0050,0.0150,0.0100,0.1700
5,4,0.9450,0.0300,0.0100,0.0050,0.0100
5,5,0.9350,0.0250,0.0150,0.0150,0.0100
6,1,0.1450,0.1500,0.1850,0.1500,0.3700
6,2,0.1000,0.0600,0.0250,0.0400,0.7750
6,3,0.0400,0.0150,0.0200,0.0150,0.9100
6,4,0.0650,0.0100,0.0050,0.0050,0.9150
6,5,0.1300,0.0100,0.0100,0.0100,0.8400
7,1,0.4550,0.1550,0.1050,0.1450,0.1400
7,2,0.7900,0.0500,0.0600,0.0450,0.0550
7,3,0.9400,0.0150,0.0150,0.0200,0.0100
7,4,0.9500,0.0150,0.0150,0.0000,0.0200
7,5,0.9600,0.0100,0.0150,0.0100,0.0050
8,1,0.1600,0.1100,0.1000,0.1550,0.4750
8,2,0.3100,0.0400,0.0600,0.0400,0.5500
8,3,0.9300,0.0050,0.0150,0.0150,0.0350
8,4,0.9900,0.0000,0.0000,0.0050,0.0050
8,5,0.9700,0.0000,0.0050,0.0100,0.0150
10,1,0.5600,0.1300,0.1000,0.1050,0.1050
10,2,0.8600,0.0300,0.0500,0.0300,0.0300
10,3,0.9450,0.0200,0.0250,0.0100,0.0000
10,4,0.9700,0.0000,0.0000,0.0150,0.0150
10,5,0.9550,0.0150,0.0050,0.0200,0.0050
9,1,0.1650,0.1200,0.1200,0.1650,0.4300
9,2,0.0600,0.0550,0.0300,0.0550,0.8000
9,3,0.0400,0.0200,0.0150,0.0100,0.9150
9,4,0.0400,0.0000,0.0000,0.0100,0.9500
9,5,0.1600,0.0200,0.0200,0.0050,0.7950
11,1,0.1050,0.1200,0.1650,0.1350,0.4750
11,2,0.0450,0.0500,0.0400,0.0700,0.7950
11,3,0.0150,0.0050,0.0250,0.0150,0.9400
11,4,0.1850,0.0100,0.0150,0.0050,0.7850
11,5,0.4200,0.1100,0.0000,0.0150,0.4550
12,1,0.1400,0.1700,0.1100,0.1100,0.4700
12,2,0.0400,0.0450,0.0400,0.0650,0.8100
12,3,0.0100,0.0200,0.0250,0.0150,0.9300
12,4,0.0000,0.0050,0.0100,0.0150,0.9700
12,5,0.0200,0.0000,0.0200,0.0000,0.9600
13,1,0.4100,0.1200,0.1550,0.1800,0.1350
13,2,0.8550,0.0400,0.0300,0.0400,0.0350
13,3,0.9300,0.0100,0.0200,0.0300,0.0100
13,4,0.9400,0.0200,0.0200,0.0150,0.0050
13,5,0.9550,0.0100,0.0150,0.0150,0.0050
14,1,0.4550,0.1600,0.1150,0.1150,0.1550
14,2,0.8150,0.0300,0.0450,0.0300,0.0800
14,3,0.9050,0.0250,0.0250,0.0100,0.0350
14,4,0.9700,0.0000,0.0100,0.0100,0.0100
14,5,0.9650,0.0150,0.0050,0.0100,0.0050
16,1,0.4750,0.1150,0.1450,0.1200,0.1450
16,2,0.8200,0.0400,0.0450,0.0500,0.0450
16,3,0.9350,0.0200,0.0150,0.0100,0.0200
16,4,0.9500,0.0000,0.0100,0.0200,0.0200
16,5,0.9400,0.0250,0.0150,0.0100,0.0100
15,1,0.4100,0.1050,0.1400,0.2100,0.1350
15,2,0.7550,0.0550,0.0400,0.0600,0.0900
15,3,0.9500,0.0050,0.0200,0.0200,0.0050
15,4,0.9450,0.0300,0.0000,0.0200,0.0050
15,5,0.9800,0.0050,0.0000,0.0050,0.0100
17,1,0.4300,0.1550,0.2050,0.0950,0.1150
17,2,0.7400,0.0600,0.0400,0.1200,0.0400
17,3,0.9050,0.0250,0.0350,0.0200,0.0150
17,4,0.9700,0.0050,0.0100,0.0000,0.0150
17,5,0.9700,0.0100,0.0100,0.0100,0.0000
18,1,0.1550,0.0950,0.1200,0.1300,0.5000
18,2,0.0500,0.0550,0.0700,0.0400,0.7850
18,3,0.1250,0.0300,0.0200,0.0300,0.7950
18,4,0.3300,0.0000,0.0050,0.0050,0.6600
18,5,0.1950,0.0050,0.0250,0.0000,0.7750
19,1,0.0900,0.1950,0.1500,0.4500,0.1150
19,2,0.4150,0.0500,0.0550,0.2250,0.2550
19,3,0.9200,0.0000,0.0000,0.0200,0.0600
19,4,0.9550,0.0150,0.0100,0.0000,0.0200
19,5,0.9850,0.0100,0.0000,0.0000,0.0050
20,1,0.5300,0.1050,0.1600,0.1400,0.0650
20,2,0.7850,0.0600,0.0550,0.0400,0.0600
20,3,0.9350,0.0100,0.0250,0.0100,0.0200
20,4,0.9600,0.0050,0.0150,0.0100,0.0100
20,5,0.9750,0.0000,0.0050,0.0150,0.0050
21,1,0.3250,0.2300,0.1100,0.1500,0.1850
21,2,0.7750,0.0700,0.0500,0.0300,0.0750
21,3,0.9400,0.0250,0.0150,0.0100,0.0100
21,4,0.9800,0.0050,0.0000,0.0100,0.0050
21,5,0.9450,0.0050,0.0050,0.0100,0.0350
24,1,0.4350,0.1800,0.1200,0.1150,0.1500
24,2,0.7550,0.0350,0.0500,0.0550,0.1050
24,3,0.9500,0.0150,0.0050,0.0150,0.0150
24,4,0.9750,0.0050,0.0000,0.0100,0.0100
24,5,0.9250,0.0100,0.0050,0.0100,0.0500
22,1,0.3750,0.1850,0.1650,0.1550,0.1200
22,2,0.7950,0.0600,0.0700,0.0350,0.0400
22,3,0.9350,0.0100,0.0400,0.0050,0.0100
22,4,0.9300,0.0050,0.0100,0.0150,0.0400
22,5,0.8650,0.0050,0.0050,0.0050,0.1200
25,1,0.3550,0.1900,0.2250,0.0850,0.1450
25,2,0.8350,0.0350,0.0450,0.0350,0.0500
25,3,0.9500,0.0050,0.0150,0.0200,0.0100
25,4,0.9700,0.0100,0.0050,0.0100,0.0050
25,5,0.9600,0.0100,0.0050,0.0100,0.0150
23,1,0.1100,0.1050,0.1300,0.1250,0.5300
23,2,0.0600,0.0400,0.0450,0.0500,0.8050
23,3,0.4950,0.0100,0.0150,0.0300,0.4500
23,4,0.8500,0.0150,0.0100,0.0050,0.1200
23,5,0.8650,0.0050,0.0150,0.0150,0.1000
27,1,0.4300,0.1300,0.2300,0.1100,0.1000
27,2,0.8450,0.0300,0.0400,0.0450,0.0400
27,3,0.9450,0.0050,0.0150,0.0250,0.0100
27,4,0.9650,0.0200,0.0100,0.0050,0.0000
27,5,0.9550,0.0100,0.0150,0.0150,0.0050
26,1,0.5000,0.1200,0.1100,0.1150,0.1550
26,2,0.8300,0.0500,0.0600,0.0300,0.0300
26,3,0.9550,0.0000,0.0150,0.0100,0.0200
26,4,0.9700,0.0100,0.0000,0.0150,0.0050
26,5,0.9450,0.0000,0.0300,0.0150,0.0100
28,1,0.1300,0.2250,0.1050,0.1700,0.3700
28,2,0.0300,0.0350,0.0300,0.0350,0.8700
28,3,0.0250,0.0150,0.0200,0.0050,0.9350
28,4,0.0050,0.0100,0.0000,0.0150,0.9700
28,5,0.0250,0.0150,0.0050,0.0050,0.9500
29,1,0.1050,0.1600,0.1150,0.1450,0.4750
29,2,0.0400,0.0600,0.0550,0.0600,0.7850
29,3,0.0250,0.0100,0.0150,0.0100,0.9400
29,4,0.0150,0.0050,0.0150,0.0200,0.9450
29,5,0.0200,0.0150,0.0150,0.0200,0.9300
