arm,M,component,n_decisions,median_ms,p95_ms,p99_ms,cpu
DQN-ES,3,t_bounds,5000,0.023900007363408804,0.028300011763349175,0.04730201093479995,Intel(R) Core(TM) Ultra 7 266V
DQN-ES,3,t_forward,5000,0.008700008038431406,0.011800002539530396,0.021803020208608425,Intel(R) Core(TM) Ultra 7 266V
DQN-ES,3,t_enum,5000,0.02710000262595713,0.03249998699175194,0.0518019869923592,Intel(R) Core(TM) Ultra 7 266V
DQN-ES,3,t_update,5000,0.14540000120177865,0.17662500467849904,0.3160179906990383,Intel(R) Core(TM) Ultra 7 266V
DQN-ES,3,scheduling_overhead,5000,0.2330999996047467,0.29020999791100627,0.5106480169342841,Intel(R) Core(TM) Ultra 7 266V
ES-only,3,t_bounds,5000,0.021800020476803184,0.024800014216452837,0.030003995634615508,Intel(R) Core(TM) Ultra 7 266V
ES-only,3,t_forward,5000,0.0,0.0,0.0,Intel(R) Core(TM) Ultra 7 266V
ES-only,3,t_enum,5000,0.03290001768618822,0.03680001827888191,0.03980101173510777,Intel(R) Core(TM) Ultra 7 266V
ES-only,3,t_update,5000,0.0,0.0,0.0,Intel(R) Core(TM) Ultra 7 266V
ES-only,3,scheduling_overhead,5000,0.05539998528547585,0.061700004152953625,0.07060101372189823,Intel(R) Core(TM) Ultra 7 266V
Random-K[K=3],3,t_bounds,5000,0.023600005079060793,0.046799979463685304,0.09680100920377302,Intel(R) Core(TM) Ultra 7 266V
Random-K[K=3],3,t_forward,5000,0.0,0.0,0.0,Intel(R) Core(TM) Ultra 7 266V
Random-K[K=3],3,t_enum,5000,0.028799986466765404,0.05880500975763427,0.14080502412980433,Intel(R) Core(TM) Ultra 7 266V
Random-K[K=3],3,t_update,5000,0.0,0.0,0.0,Intel(R) Core(TM) Ultra 7 266V
Random-K[K=3],3,scheduling_overhead,5000,0.05370000144466758,0.10960501822410153,0.24960098002338785,Intel(R) Core(TM) Ultra 7 266V
q-mixed[q=0.5],3,t_bounds,5000,0.023900007363408804,0.028999987989664078,0.06734498863807047,Intel(R) Core(TM) Ultra 7 266V
q-mixed[q=0.5],3,t_forward,5000,0.0,0.0,0.0,Intel(R) Core(TM) Ultra 7 266V
q-mixed[q=0.5],3,t_enum,5000,0.033100019209086895,0.0419050265918486,0.09010301670059569,Intel(R) Core(TM) Ultra 7 266V
q-mixed[q=0.5],3,t_update,5000,0.0,0.0,0.0,Intel(R) Core(TM) Ultra 7 266V
q-mixed[q=0.5],3,scheduling_overhead,5000,0.05880001117475331,0.07250499911606313,0.1586389855947354,Intel(R) Core(TM) Ultra 7 266V
Static-Tier,3,t_bounds,0,,,,Intel(R) Core(TM) Ultra 7 266V
Static-Tier,3,t_forward,0,,,,Intel(R) Core(TM) Ultra 7 266V
Static-Tier,3,t_enum,0,,,,Intel(R) Core(TM) Ultra 7 266V
Static-Tier,3,t_update,0,,,,Intel(R) Core(TM) Ultra 7 266V
Static-Tier,3,scheduling_overhead,5000,0.000200001522898674,0.000400003045797348,0.0007999772788025439,Intel(R) Core(TM) Ultra 7 266V
DQN-ES,8,t_bounds,5000,0.03809999907389283,0.04700500721810388,0.07061901356792119,Intel(R) Core(TM) Ultra 7 266V
DQN-ES,8,t_forward,5000,0.008800008799880743,0.013100012438371778,0.023204002063721505,Intel(R) Core(TM) Ultra 7 266V
DQN-ES,8,t_enum,5000,0.027700007194653153,0.035500008380040526,0.06091002695029623,Intel(R) Core(TM) Ultra 7 266V
DQN-ES,8,t_update,5000,0.15720000374130905,0.20470001618377864,0.385010992176831,Intel(R) Core(TM) Ultra 7 266V
DQN-ES,8,scheduling_overhead,5000,0.2651000104378909,0.35217500408180086,0.6349000032059848,Intel(R) Core(TM) Ultra 7 266V
ES-only,8,t_bounds,5000,0.03749999450519681,0.04199999966658652,0.05470000905916095,Intel(R) Core(TM) Ultra 7 266V
ES-only,8,t_forward,5000,0.0,0.0,0.0,Intel(R) Core(TM) Ultra 7 266V
ES-only,8,t_enum,5000,0.06650001159869134,0.07470001582987607,0.08530100923962894,Intel(R) Core(TM) Ultra 7 266V
ES-only,8,t_update,5000,0.0,0.0,0.0,Intel(R) Core(TM) Ultra 7 266V
ES-only,8,scheduling_overhead,5000,0.10430000838823617,0.1170000177808106,0.17100699245929735,Intel(R) Core(TM) Ultra 7 266V
Random-K[K=3],8,t_bounds,5000,0.03710002056322992,0.041399995097890496,0.05242799175903262,Intel(R) Core(TM) Ultra 7 266V
Random-K[K=3],8,t_forward,5000,0.0,0.0,0.0,Intel(R) Core(TM) Ultra 7 266V
Random-K[K=3],8,t_enum,5000,0.028999987989664078,0.03309999010525644,0.05350099992938342,Intel(R) Core(TM) Ultra 7 266V
Random-K[K=3],8,t_update,5000,0.0,0.0,0.0,Intel(R) Core(TM) Ultra 7 266V
Random-K[K=3],8,scheduling_overhead,5000,0.06699998630210757,0.07540501974290238,0.12140899314545114,Intel(R) Core(TM) Ultra 7 266V
q-mixed[q=0.5],8,t_bounds,5000,0.036999990697950125,0.041799998143687844,0.056804995983839146,Intel(R) Core(TM) Ultra 7 266V
q-mixed[q=0.5],8,t_forward,5000,0.0,0.0,0.0,Intel(R) Core(TM) Ultra 7 266V
q-mixed[q=0.5],8,t_enum,5000,0.050349990488030016,0.07819998572813347,0.08930198178859432,Intel(R) Core(TM) Ultra 7 266V
q-mixed[q=0.5],8,t_update,5000,0.0,0.0,0.0,Intel(R) Core(TM) Ultra 7 266V
q-mixed[q=0.5],8,scheduling_overhead,5000,0.08759999764151871,0.11930000619031489,0.151401988696307,Intel(R) Core(TM) Ultra 7 266V
Static-Tier,8,t_bounds,0,,,,Intel(R) Core(TM) Ultra 7 266V
Static-Tier,8,t_forward,0,,,,Intel(R) Core(TM) Ultra 7 266V
Static-Tier,8,t_enum,0,,,,Intel(R) Core(TM) Ultra 7 266V
Static-Tier,8,t_update,0,,,,Intel(R) Core(TM) Ultra 7 266V
Static-Tier,8,scheduling_overhead,5000,0.000200001522898674,0.000300002284348011,0.000500003807246685,Intel(R) Core(TM) Ultra 7 266V
DQN-ES,16,t_bounds,5000,0.06349998875521123,0.07470001582987607,0.10374000383308245,Intel(R) Core(TM) Ultra 7 266V
DQN-ES,16,t_forward,5000,0.009700015652924776,0.013999990187585354,0.022208994487300713,Intel(R) Core(TM) Ultra 7 266V
DQN-ES,16,t_enum,5000,0.030099996365606785,0.037299992982298136,0.05470100906677546,Intel(R) Core(TM) Ultra 7 266V
DQN-ES,16,t_update,5000,0.18510001245886087,0.2277999883517623,0.3770209895446901,Intel(R) Core(TM) Ultra 7 266V
DQN-ES,16,scheduling_overhead,5000,0.33320000511594117,0.41033998277271183,0.6597609884920543,Intel(R) Core(TM) Ultra 7 266V
ES-only,16,t_bounds,5000,0.06059999577701092,0.06880000000819564,0.11130700353533045,Intel(R) Core(TM) Ultra 7 266V
ES-only,16,t_forward,5000,0.0,0.0,0.0,Intel(R) Core(TM) Ultra 7 266V
ES-only,16,t_enum,5000,0.11850000009872019,0.13600501697510484,0.19061199593124936,Intel(R) Core(TM) Ultra 7 266V
ES-only,16,t_update,5000,0.0,0.0,0.0,Intel(R) Core(TM) Ultra 7 266V
ES-only,16,scheduling_overhead,5000,0.17919999663718045,0.20670500234700742,0.3095189991290685,Intel(R) Core(TM) Ultra 7 266V
Random-K[K=3],16,t_bounds,5000,0.06180000491440296,0.07290500216186048,0.1932100157137031,Intel(R) Core(TM) Ultra 7 266V
Random-K[K=3],16,t_forward,5000,0.0,0.0,0.0,Intel(R) Core(TM) Ultra 7 266V
Random-K[K=3],16,t_enum,5000,0.03179998020641506,0.043604984239209464,0.14202600432327073,Intel(R) Core(TM) Ultra 7 266V
Random-K[K=3],16,t_update,5000,0.0,0.0,0.0,Intel(R) Core(TM) Ultra 7 266V
Random-K[K=3],16,scheduling_overhead,5000,0.09389998740516603,0.12066498748026812,0.33183199469931496,Intel(R) Core(TM) Ultra 7 266V
q-mixed[q=0.5],16,t_bounds,5000,0.060699996538460255,0.07009998225839809,0.1103019958827645,Intel(R) Core(TM) Ultra 7 266V
q-mixed[q=0.5],16,t_forward,5000,0.0,0.0,0.0,Intel(R) Core(TM) Ultra 7 266V
q-mixed[q=0.5],16,t_enum,5000,0.09019998833537102,0.149500003317371,0.19683101389091529,Intel(R) Core(TM) Ultra 7 266V
q-mixed[q=0.5],16,t_update,5000,0.0,0.0,0.0,Intel(R) Core(TM) Ultra 7 266V
q-mixed[q=0.5],16,scheduling_overhead,5000,0.15345000429078937,0.21689999266527593,0.3071540099335846,Intel(R) Core(TM) Ultra 7 266V
Static-Tier,16,t_bounds,0,,,,Intel(R) Core(TM) Ultra 7 266V
Static-Tier,16,t_forward,0,,,,Intel(R) Core(TM) Ultra 7 266V
Static-Tier,16,t_enum,0,,,,Intel(R) Core(TM) Ultra 7 266V
Static-Tier,16,t_update,0,,,,Intel(R) Core(TM) Ultra 7 266V
Static-Tier,16,scheduling_overhead,5000,0.000200001522898674,0.000300002284348011,0.000600004568696022,Intel(R) Core(TM) Ultra 7 266V
DQN-ES,32,t_bounds,5000,0.11530000483617187,0.23220999282784763,0.38350498100044217,Intel(R) Core(TM) Ultra 7 266V
DQN-ES,32,t_forward,5000,0.011199997970834374,0.05010500171920287,0.08330502285389241,Intel(R) Core(TM) Ultra 7 266V
DQN-ES,32,t_enum,5000,0.03229998401366174,0.08471000473946337,0.1448119967244568,Intel(R) Core(TM) Ultra 7 266V
DQN-ES,32,t_update,5000,0.23030000738799572,0.7002250058576466,1.0792220104485755,Intel(R) Core(TM) Ultra 7 266V
DQN-ES,32,scheduling_overhead,5000,0.45455001236405224,1.3032849979936147,3.3731449861079463,Intel(R) Core(TM) Ultra 7 266V
ES-only,32,t_bounds,5000,0.1100999943446368,0.1252999936696142,0.1844130069366659,Intel(R) Core(TM) Ultra 7 266V
ES-only,32,t_forward,5000,0.0,0.0,0.0,Intel(R) Core(TM) Ultra 7 266V
ES-only,32,t_enum,5000,0.228599994443357,0.2549099910538644,0.3601489774882804,Intel(R) Core(TM) Ultra 7 266V
ES-only,32,t_update,5000,0.0,0.0,0.0,Intel(R) Core(TM) Ultra 7 266V
ES-only,32,scheduling_overhead,5000,0.338700003339909,0.38130502070998773,0.5459039949346335,Intel(R) Core(TM) Ultra 7 266V
Random-K[K=3],32,t_bounds,5000,0.10699999984353781,0.11940000695176423,0.19389999244594947,Intel(R) Core(TM) Ultra 7 266V
Random-K[K=3],32,t_forward,5000,0.0,0.0,0.0,Intel(R) Core(TM) Ultra 7 266V
Random-K[K=3],32,t_enum,5000,0.03440000000409782,0.04119999357499182,0.07450801407685521,Intel(R) Core(TM) Ultra 7 266V
Random-K[K=3],32,t_update,5000,0.0,0.0,0.0,Intel(R) Core(TM) Ultra 7 266V
Random-K[K=3],32,scheduling_overhead,5000,0.14180000289343297,0.16110000433400273,0.27883499831659797,Intel(R) Core(TM) Ultra 7 266V
q-mixed[q=0.5],32,t_bounds,5000,0.11589998030103743,0.2967200169223361,0.426544017100242,Intel(R) Core(TM) Ultra 7 266V
q-mixed[q=0.5],32,t_forward,5000,0.0,0.0,0.0,Intel(R) Core(TM) Ultra 7 266V
q-mixed[q=0.5],32,t_enum,5000,0.1974500046344474,0.49573002033866953,0.7675229944288736,Intel(R) Core(TM) Ultra 7 266V
q-mixed[q=0.5],32,t_update,5000,0.0,0.0,0.0,Intel(R) Core(TM) Ultra 7 266V
q-mixed[q=0.5],32,scheduling_overhead,5000,0.3441500011831522,0.7586499850731345,1.1068149877246471,Intel(R) Core(TM) Ultra 7 266V
Static-Tier,32,t_bounds,0,,,,Intel(R) Core(TM) Ultra 7 266V
Static-Tier,32,t_forward,0,,,,Intel(R) Core(TM) Ultra 7 266V
Static-Tier,32,t_enum,0,,,,Intel(R) Core(TM) Ultra 7 266V
Static-Tier,32,t_update,0,,,,Intel(R) Core(TM) Ultra 7 266V
Static-Tier,32,scheduling_overhead,5000,0.000200001522898674,0.000300002284348011,0.000600004568696022,Intel(R) Core(TM) Ultra 7 266V
