algorithm,avg_latency_ms_mean,avg_latency_ms_std,avg_energy_mj_mean,avg_energy_mj_std,avg_privacy_risk_mean,avg_privacy_risk_std,sla_violation_pct_mean,sla_violation_pct_std,avg_queue_ms_mean,avg_queue_ms_std,edge_utilisation_mean,edge_utilisation_std,avg_privacy_risk_ss_mean,avg_privacy_risk_ss_std
DQN-ES,365.0930516937236,42.64705419573941,34.4024870384319,1.2249863617020926,0.49601949626311065,0.025065231826333065,16.930169753086417,11.714290202021466,138.69989071054442,45.18322179064627,0.9324846495247502,0.09296903798574345,0.502972624985625,0.0251851678460093
PSO+DQN,365.0930516937236,42.64705419573941,34.4024870384319,1.2249863617020926,0.49601949626311065,0.025065231826333065,16.930169753086417,11.714290202021466,138.69989071054442,45.18322179064627,0.9324846495247502,0.09296903798574345,0.502972624985625,0.0251851678460093
ES-only,429.39045849094845,6.887193452837224,35.1678913706754,0.34758843541111006,0.5000854388181478,0.02675917144068362,35.45023148148149,1.6604483351913526,210.78438263894427,9.380117982243874,0.998202934901007,0.0014277969789343065,0.5038245874276234,0.02587481128877825
DQN-only,404.3741090951653,56.591315155997954,52.6547560275241,9.10913365596203,0.4646463887535415,0.038563723664128996,8.61111111111111,2.788184595173478,67.95572797827158,22.626904038216466,0.6394381340386567,0.1617017662857808,0.4812913283926926,0.04016886080129338
PSO,428.8278725587829,7.500085691521836,35.157683340103645,0.3540782065639112,0.49976624299573286,0.026715573228179985,35.245370370370374,1.8726513258243165,210.1636447646849,9.920674655829925,0.9980798039629761,0.00138692874872714,0.5034814168908441,0.025817403670609168
ACO,210691.419184669,14853.6907215282,6963.838761874663,489.7720455088814,0.8928414055725777,0.0012096235051041386,99.0204475308642,2.4857893786903897,210515.8433775892,14855.1608902382,1.9813224756051437,0.052583707082389235,0.8998747517106785,0.00010063242121632787
HS-HHO,429.39045849094845,6.887193452837224,35.1678913706754,0.34758843541111006,0.5000854388181478,0.02675917144068362,35.45023148148149,1.6604483351913526,210.78438263894427,9.380117982243874,0.998202934901007,0.0014277969789343065,0.5038245874276234,0.02587481128877825
Local-Only,54354.839049229646,2456.2911081013553,8.639999999999997,3.552713678800501e-15,0.0,0.0,100.0,0.0,53729.839049229646,2456.291108101356,0.0,0.0,0.0,0.0
Cloud-Only,592.4040900258086,74.72378383267676,50.15919415027981,2.4658848664783326,0.8999999999999998,2.220446049250313e-16,48.128858024691354,5.068113632938048,333.9624695850155,74.72378383267674,0.0,0.0,0.8999999999999998,2.220446049250313e-16
DQN-ES[K=1],404.3741090951653,56.591315155997954,52.6547560275241,9.10913365596203,0.4646463887535415,0.038563723664128996,8.61111111111111,2.788184595173478,67.95572797827158,22.626904038216466,0.6394381340386567,0.1617017662857808,0.4812913283926926,0.04016886080129338
DQN-ES[K=2],344.0855680319879,39.523390459252205,38.620031854638654,4.438426303426225,0.4903670206151955,0.03460720998317988,8.258487654320987,5.83605760574156,87.58862507463573,34.19435121771324,0.7784771925631314,0.14674261511569212,0.5018956344557471,0.036571005331343706
DQN-ES[K=3],365.0930516937236,42.64705419573941,34.4024870384319,1.2249863617020926,0.49601949626311065,0.025065231826333065,16.930169753086417,11.714290202021466,138.69989071054442,45.18322179064627,0.9324846495247502,0.09296903798574345,0.502972624985625,0.0251851678460093
DQN-ES[K=4],400.0376487453842,42.41599458281378,34.37479464128918,1.3174094048564622,0.5032391915992316,0.02053397332106743,27.393518518518523,11.330969022199868,180.70653008900703,42.76599274762712,0.9803593388999234,0.038701403931434536,0.5079115628293915,0.01915268294265611
DQN-ES[K=5],429.39045849094845,6.887193452837224,35.1678913706754,0.34758843541111006,0.5000854388181478,0.02675917144068362,35.45023148148149,1.6604483351913526,210.78438263894427,9.380117982243874,0.998202934901007,0.0014277969789343065,0.5038245874276234,0.02587481128877825
Random-K[K=3],430.9958347970357,61.75377936501343,45.58005220925979,10.175276031970958,0.36695745442024663,0.01639002653310462,27.396604938271608,5.508685334683766,140.0180653358362,11.10217470976307,0.9524519526157518,0.005509337599126084,0.36767106908809616,0.015792004716697967
q-mixed[q=0],429.39045849094845,6.887193452837224,35.1678913706754,0.34758843541111006,0.5000854388181478,0.02675917144068362,35.45023148148149,1.6604483351913526,210.78438263894427,9.380117982243874,0.998202934901007,0.0014277969789343065,0.5038245874276234,0.02587481128877825
q-mixed[q=0.1],430.4376965182664,9.623970869068726,36.19332096209005,0.9697667637479194,0.4790924260746868,0.022421069768784857,34.939043209876544,1.9650058644117798,204.802696249528,9.037460488719537,0.997456208721252,0.0014570227193713842,0.4821855379014458,0.021385342450808392
q-mixed[q=0.25],431.70560915450955,16.552742119228007,37.77906391402064,2.4006944956580276,0.4513254363733351,0.017945166186626702,34.04591049382716,2.3361988426986486,195.1313382763156,8.18214261252452,0.9956972689143547,0.0014882050935255465,0.45382109292301037,0.016964722403116476
q-mixed[q=0.5],432.80351440787206,30.175025013299013,40.22500404245144,4.768970316263033,0.4174789063240249,0.016470211542742978,32.136574074074076,3.4165163676835055,179.23567508716994,9.639807617768742,0.9901657419630397,0.002129294955152224,0.4192959513179582,0.015969758353584357
q-mixed[q=0.75],432.16918066292834,44.6549838604704,42.76944729142569,7.312474946281702,0.3901444210702651,0.016061146035820494,29.83912037037037,4.573150231824706,160.68841947233005,10.39683894194849,0.978470845866003,0.004341768449049163,0.3914221913332511,0.015494054306705795
q-mixed[q=1],430.9958347970357,61.75377936501343,45.58005220925979,10.175276031970958,0.36695745442024663,0.01639002653310462,27.396604938271608,5.508685334683766,140.0180653358362,11.10217470976307,0.9524519526157518,0.005509337599126084,0.36767106908809616,0.015792004716697967
Static-Tier,215926.45416017223,2457.9065488293786,7136.435546661903,81.06473555363934,0.8999999999999998,2.220446049250313e-16,99.92554012345681,0.01997622448456942,215751.55166729854,2458.2288600353863,1.9974591118850742,0.015331121378132933,0.8999999999999998,2.220446049250313e-16
ES-only[lP=0.5],433.24987865721937,4.36412459319987,35.061704349782445,0.1929828041354008,0.5126878139854136,0.009304087351308625,36.35378086419754,0.8859850175656383,216.3472911277864,4.900027991908533,0.9989948678049755,0.001136729755368549,0.5147640445538701,0.00826932793350895
ES-only[lP=1],429.39045849094845,6.887193452837224,35.1678913706754,0.34758843541111006,0.5000854388181478,0.02675917144068362,35.45023148148149,1.6604483351913526,210.78438263894427,9.380117982243874,0.998202934901007,0.0014277969789343065,0.5038245874276234,0.02587481128877825
ES-only[lP=1.5],423.169392514711,13.966255650612752,35.39005192506205,0.65102894442811,0.48232730047489564,0.0441262048942853,33.767361111111114,4.257451212711424,201.4461162460824,19.728208354821373,0.9972147314045082,0.002067043738441662,0.48717787773959037,0.04355661666460306
ES-only[lP=2],415.40759441429265,22.14278799028616,35.66793110420326,0.9759389718989537,0.4660221695514401,0.05876001421456328,31.31134259259259,6.768685787682947,189.82450583178493,31.66530986389098,0.9957409320752011,0.0036869045814982657,0.471830705604044,0.05894368089903979
ES-only[lP=3],400.3717338000621,34.3823065845414,36.27760076150169,1.5496217419897442,0.44106868755867923,0.07687806149756451,27.094135802469136,9.109797236119132,166.91742914585274,50.309416443863846,0.989431142958408,0.01435997460549906,0.44754369438220853,0.07819111758589928
ES-only[lP=5],382.975485627985,38.52733680406389,38.78392947755313,3.1194643525005414,0.3953267200995475,0.09016258446235494,21.85493827160494,9.287954154103684,128.14490487725527,61.55736498167295,0.9640356095635533,0.04748493089197956,0.40251107522433327,0.09310634200994808
ES-only[lP=10],397.2228268054714,37.97081621586348,49.34450192107564,8.23801824073427,0.3093732865944551,0.08239349312039133,19.180555555555554,8.077313700328325,73.1150187875416,49.51333891210591,0.8915619144584,0.08903357982414946,0.31757778593067065,0.08514978661881561
