profile,scheduler,n_runs,energy_mj_mean,ci_lo,ci_hi,rank_lowest_first
model,ACO,30,8.912583949376,8.740676060285224,9.10003720156675,6
model,Cloud-Only,30,8.9250387441,8.755689370417498,9.109809353814164,7
model,DQN-ES,30,8.384211739300335,7.991953738088675,8.818536742053041,4
model,DQN-only,30,36.57738711079633,29.478090184708147,44.3290582392181,8
model,ES-only,30,7.1009116383893325,6.953096570854116,7.262074876134207,1
model,HS-HHO,30,7.1009116383893325,6.953096570854116,7.262074876134207,2
model,Local-Only,30,59.24674453933333,58.634161003100004,59.880583996216664,9
model,PSO,30,7.124864465837001,6.97868160143835,7.2883462838350335,3
model,PSO+DQN,30,8.384211739300335,7.991953738088675,8.818536742053041,5
radio_on_wait,ACO,30,13.068972187021886,12.847244630631245,13.30824728727069,6
radio_on_wait,Cloud-Only,30,13.075839839356616,12.857484032937807,13.311311944395825,7
radio_on_wait,DQN-ES,30,12.749935406946669,12.277680073417844,13.26825132264401,4
radio_on_wait,DQN-only,30,48.74375842545398,39.69481507119882,58.65904235719171,8
radio_on_wait,ES-only,30,11.251710295156565,11.058807850192073,11.46040279206341,1
radio_on_wait,HS-HHO,30,11.251710295156565,11.058807850192073,11.46040279206341,2
radio_on_wait,Local-Only,30,59.24674453933333,58.634161003100004,59.880583996216664,9
radio_on_wait,PSO,30,11.279675911278384,11.087627095208912,11.49096287557519,3
radio_on_wait,PSO+DQN,30,12.749935406946669,12.277680073417844,13.26825132264401,5
light_sleep,ACO,30,5.49684956355191,5.342601055509141,5.667888025369994,6
light_sleep,Cloud-Only,30,5.521780199905491,5.366927949157202,5.693191212736285,7
light_sleep,DQN-ES,30,4.481721003137196,4.085598407710957,4.921513699973895,4
light_sleep,DQN-only,30,29.399518921386804,23.00899565150853,36.354800859952505,8
light_sleep,ES-only,30,3.132301457844796,3.000791996538366,3.281359000241905,1
light_sleep,HS-HHO,30,3.132301457844796,3.000791996538366,3.281359000241905,2
light_sleep,Local-Only,30,59.24674453933333,58.634161003100004,59.880583996216664,9
light_sleep,PSO,30,3.157491020420305,3.0254157310323198,3.3069478768002627,3
light_sleep,PSO+DQN,30,4.481721003137196,4.085598407710957,4.921513699973895,5
